2025-11-21 17:30:07,655 - Knowledge - INFO - Created shared MongoDB connection pool
2025-11-21 17:30:07,657 - Knowledge - INFO - Starting Knowledge Graph processing with 20 threads
2025-11-21 17:30:07,657 - Knowledge - INFO - Initial configuration: chunk_size=65536, max_cache_size=500
2025-11-21 17:30:07,657 - Knowledge - INFO - Knowledge Graph concurrency configuration: workers=20, max_batch_size=25, max_concurrent_llm_calls=50
2025-11-21 17:30:08,694 - Knowledge - INFO - 🔍 _load_persisted_knowledge called - checking for Redis optimization
2025-11-21 17:30:08,694 - Knowledge - WARNING - ❌ load_from_redis method not found - Redis support not attached
2025-11-21 17:30:08,694 - Knowledge - INFO - load persisted knowledge: begin
2025-11-21 17:30:08,694 - Knowledge - INFO - Loaded 0 files from persisted knowledge
2025-11-21 17:30:08,694 - Knowledge - INFO - load persisted knowledge: end
2025-11-21 17:30:08,694 - Knowledge - WARNING - No persisted knowledge found. Files will be queued during start()
2025-11-21 17:30:08,695 - Knowledge - INFO - Redis support added with prefix knowledge:b1520et:
2025-11-21 17:30:08,700 - Knowledge - INFO - Starting knowledge initialization for ID: g93fdZ-b1520et
2025-11-21 17:30:08,700 - Knowledge - INFO - 🔍 Checking Redis for build_id: b1520et
2025-11-21 17:30:08,700 - Knowledge - INFO - 🔍 Full session ID: g93fdZ-b1520et
2025-11-21 17:30:08,700 - Knowledge - INFO - 🔍 Redis prefix will be: knowledge:b1520et:
2025-11-21 17:30:08,700 - Knowledge - INFO - 🔍 Using attached load_from_redis() method
2025-11-21 17:30:08,700 - Knowledge - INFO - 🔍 Attempting to load knowledge from Redis...
2025-11-21 17:30:08,700 - Knowledge - INFO - 🔍 Using derived instance_id for Redis lookup: b1520et
2025-11-21 17:30:08,708 - Knowledge - WARNING - ❌ No Redis cache found
2025-11-21 17:30:08,713 - Knowledge - INFO - 📁 Loading knowledge from disk...
2025-11-21 17:30:08,728 - Knowledge - INFO - load persisted docinfo: begin
2025-11-21 17:30:08,728 - Knowledge - INFO - load persisted docinfo: end
2025-11-21 17:30:08,728 - Knowledge - INFO - 🔍 _load_persisted_knowledge called - checking for Redis optimization
2025-11-21 17:30:08,728 - Knowledge - INFO - ✅ load_from_redis method found - attempting Redis load
2025-11-21 17:30:08,728 - Knowledge - INFO - 🔍 Attempting to load knowledge from Redis...
2025-11-21 17:30:08,728 - Knowledge - INFO - 🔍 Using derived instance_id for Redis lookup: b1520et
2025-11-21 17:30:08,733 - Knowledge - WARNING - ❌ No Redis cache found
2025-11-21 17:30:08,733 - Knowledge - INFO - ❌ Redis load returned False - falling back to file loading
2025-11-21 17:30:08,733 - Knowledge - INFO - load persisted knowledge: begin
2025-11-21 17:30:08,733 - Knowledge - INFO - Loaded 0 files from persisted knowledge
2025-11-21 17:30:08,733 - Knowledge - INFO - load persisted knowledge: end
2025-11-21 17:30:08,733 - Knowledge - INFO - 📁 Disk load complete in 0.02s
2025-11-21 17:30:08,733 - Knowledge - INFO - Populating ingest queue with source files...
2025-11-21 17:30:08,738 - Knowledge - INFO - Added 201 files from /Users/veera/Documents/kavia-backend/graphnode-backend-api/data/rdk7542/223427/b1520et/flask-223427 to ingest queue
2025-11-21 17:30:08,739 - Knowledge - INFO - Worker kw1 created using shared MongoDB connection pool
2025-11-21 17:30:08,739 - Knowledge - INFO - knowledge worker kw1 start
2025-11-21 17:30:08,739 - Knowledge - INFO - Worker kw2 created using shared MongoDB connection pool
2025-11-21 17:30:08,739 - Knowledge - INFO - [kw1] Queue=201, InProgress=0, PendingWorkers=0/1, Completed=0/201 (0.0%)
2025-11-21 17:30:08,739 - Knowledge - INFO - knowledge worker kw2 start
2025-11-21 17:30:08,739 - Knowledge - INFO - Worker kw3 created using shared MongoDB connection pool
2025-11-21 17:30:08,739 - Knowledge - INFO - Batch sizing: calculated=15, max_allowed=25, queue=201, active_workers=0/2
2025-11-21 17:30:08,739 - Knowledge - INFO - [kw2] Queue=201, InProgress=0, PendingWorkers=0/2, Completed=0/201 (0.0%)
2025-11-21 17:30:08,739 - Knowledge - INFO - knowledge worker kw3 start
2025-11-21 17:30:08,739 - Knowledge - INFO - Worker kw4 created using shared MongoDB connection pool
2025-11-21 17:30:08,740 - Knowledge - INFO - Batch sizing: calculated=15, max_allowed=25, queue=201, active_workers=1/3
2025-11-21 17:30:08,740 - Knowledge - INFO - Worker kw1 processing /Users/veera/Documents/kavia-backend/graphnode-backend-api/data/rdk7542/223427/b1520et/flask-223427/pyproject.toml
2025-11-21 17:30:08,740 - Knowledge - INFO - [kw3] Queue=186, InProgress=0, PendingWorkers=1/3, Completed=0/201 (0.0%)
2025-11-21 17:30:08,740 - Knowledge - INFO - knowledge worker kw4 start
2025-11-21 17:30:08,740 - Knowledge - INFO - Worker kw5 created using shared MongoDB connection pool
2025-11-21 17:30:08,740 - Knowledge - INFO - Worker kw2 processing /Users/veera/Documents/kavia-backend/graphnode-backend-api/data/rdk7542/223427/b1520et/flask-223427/tests/test_apps/blueprintapp/apps/admin/static/test.txt
2025-11-21 17:30:08,740 - Knowledge - INFO - Batch sizing: calculated=12, max_allowed=25, queue=186, active_workers=2/4
2025-11-21 17:30:08,740 - Knowledge - INFO - Fast-tracked /Users/veera/Documents/kavia-backend/graphnode-backend-api/data/rdk7542/223427/b1520et/flask-223427/pyproject.toml (ext=.toml, size=6567)
2025-11-21 17:30:08,740 - Knowledge - INFO - [kw4] Queue=171, InProgress=0, PendingWorkers=2/4, Completed=0/201 (0.0%)
2025-11-21 17:30:08,740 - Knowledge - INFO - knowledge worker kw5 start
2025-11-21 17:30:08,740 - Knowledge - INFO - Worker kw6 created using shared MongoDB connection pool
2025-11-21 17:30:08,740 - Knowledge - INFO - Fast-tracked /Users/veera/Documents/kavia-backend/graphnode-backend-api/data/rdk7542/223427/b1520et/flask-223427/tests/test_apps/blueprintapp/apps/admin/static/test.txt (ext=.txt, size=11)
2025-11-21 17:30:08,740 - Knowledge - INFO - Worker kw1 processing /Users/veera/Documents/kavia-backend/graphnode-backend-api/data/rdk7542/223427/b1520et/flask-223427/tests/test_basic.py
2025-11-21 17:30:08,740 - Knowledge - INFO - Worker kw3 processing /Users/veera/Documents/kavia-backend/graphnode-backend-api/data/rdk7542/223427/b1520et/flask-223427/tests/test_subclassing.py
2025-11-21 17:30:08,740 - Knowledge - INFO - Batch sizing: calculated=12, max_allowed=25, queue=171, active_workers=3/5
2025-11-21 17:30:08,741 - Knowledge - INFO - [kw5] Queue=159, InProgress=0, PendingWorkers=3/5, Completed=0/201 (0.0%)
2025-11-21 17:30:08,741 - Knowledge - INFO - knowledge worker kw6 start
2025-11-21 17:30:08,741 - Knowledge - INFO - Worker kw2 processing /Users/veera/Documents/kavia-backend/graphnode-backend-api/data/rdk7542/223427/b1520et/flask-223427/tests/test_apps/blueprintapp/apps/admin/templates/admin/index.html
2025-11-21 17:30:08,741 - Knowledge - INFO - Worker kw7 created using shared MongoDB connection pool
2025-11-21 17:30:08,741 - Knowledge - INFO - Fast-tracked /Users/veera/Documents/kavia-backend/graphnode-backend-api/data/rdk7542/223427/b1520et/flask-223427/tests/test_basic.py (ext=.py, size=53603)
2025-11-21 17:30:08,741 - Knowledge - INFO - Fast-tracked /Users/veera/Documents/kavia-backend/graphnode-backend-api/data/rdk7542/223427/b1520et/flask-223427/tests/test_subclassing.py (ext=.py, size=480)
2025-11-21 17:30:08,741 - Knowledge - INFO - Batch sizing: calculated=12, max_allowed=25, queue=159, active_workers=4/6
2025-11-21 17:30:08,741 - Knowledge - INFO - Worker kw4 processing /Users/veera/Documents/kavia-backend/graphnode-backend-api/data/rdk7542/223427/b1520et/flask-223427/tests/templates/escaping_template.html
2025-11-21 17:30:08,741 - Knowledge - INFO - [kw6] Queue=147, InProgress=0, PendingWorkers=4/6, Completed=0/201 (0.0%)
2025-11-21 17:30:08,741 - Knowledge - INFO - Fast-tracked /Users/veera/Documents/kavia-backend/graphnode-backend-api/data/rdk7542/223427/b1520et/flask-223427/tests/test_apps/blueprintapp/apps/admin/templates/admin/index.html (ext=.html, size=21)
2025-11-21 17:30:08,741 - Knowledge - INFO - knowledge worker kw7 start
2025-11-21 17:30:08,741 - Knowledge - INFO - Worker kw1 processing /Users/veera/Documents/kavia-backend/graphnode-backend-api/data/rdk7542/223427/b1520et/flask-223427/tests/conftest.py
2025-11-21 17:30:08,741 - Knowledge - INFO - Worker kw8 created using shared MongoDB connection pool
2025-11-21 17:30:08,741 - Knowledge - INFO - Worker kw3 processing /Users/veera/Documents/kavia-backend/graphnode-backend-api/data/rdk7542/223427/b1520et/flask-223427/tests/test_reqctx.py
2025-11-21 17:30:08,741 - Knowledge - INFO - Batch sizing: calculated=12, max_allowed=25, queue=147, active_workers=5/7
2025-11-21 17:30:08,741 - Knowledge - INFO - Worker kw5 processing /Users/veera/Documents/kavia-backend/graphnode-backend-api/data/rdk7542/223427/b1520et/flask-223427/tests/test_appctx.py
2025-11-21 17:30:08,742 - Knowledge - INFO - Fast-tracked /Users/veera/Documents/kavia-backend/graphnode-backend-api/data/rdk7542/223427/b1520et/flask-223427/tests/templates/escaping_template.html (ext=.html, size=147)
2025-11-21 17:30:08,742 - Knowledge - INFO - Worker kw2 processing /Users/veera/Documents/kavia-backend/graphnode-backend-api/data/rdk7542/223427/b1520et/flask-223427/tests/test_apps/helloworld/hello.py
2025-11-21 17:30:08,742 - Knowledge - INFO - [kw7] Queue=135, InProgress=0, PendingWorkers=5/7, Completed=0/201 (0.0%)
2025-11-21 17:30:08,742 - Knowledge - INFO - Fast-tracked /Users/veera/Documents/kavia-backend/graphnode-backend-api/data/rdk7542/223427/b1520et/flask-223427/tests/conftest.py (ext=.py, size=3293)
2025-11-21 17:30:08,742 - Knowledge - INFO - knowledge worker kw8 start
2025-11-21 17:30:08,742 - Knowledge - INFO - Worker kw9 created using shared MongoDB connection pool
2025-11-21 17:30:08,742 - Knowledge - INFO - Fast-tracked /Users/veera/Documents/kavia-backend/graphnode-backend-api/data/rdk7542/223427/b1520et/flask-223427/tests/test_reqctx.py (ext=.py, size=8698)
2025-11-21 17:30:08,742 - Knowledge - INFO - Worker kw6 processing /Users/veera/Documents/kavia-backend/graphnode-backend-api/data/rdk7542/223427/b1520et/flask-223427/docs/tutorial/views.rst
2025-11-21 17:30:08,742 - Knowledge - INFO - Fast-tracked /Users/veera/Documents/kavia-backend/graphnode-backend-api/data/rdk7542/223427/b1520et/flask-223427/tests/test_appctx.py (ext=.py, size=5090)
2025-11-21 17:30:08,742 - Knowledge - INFO - Worker kw4 processing /Users/veera/Documents/kavia-backend/graphnode-backend-api/data/rdk7542/223427/b1520et/flask-223427/tests/templates/template_filter.html
2025-11-21 17:30:08,742 - Knowledge - INFO - Batch sizing: calculated=12, max_allowed=25, queue=135, active_workers=6/8
2025-11-21 17:30:08,742 - Knowledge - INFO - Worker kw1 processing /Users/veera/Documents/kavia-backend/graphnode-backend-api/data/rdk7542/223427/b1520et/flask-223427/tests/test_converters.py
2025-11-21 17:30:08,742 - Knowledge - INFO - Fast-tracked /Users/veera/Documents/kavia-backend/graphnode-backend-api/data/rdk7542/223427/b1520et/flask-223427/tests/test_apps/helloworld/hello.py (ext=.py, size=104)
2025-11-21 17:30:08,742 - Knowledge - INFO - [kw8] Queue=123, InProgress=0, PendingWorkers=6/8, Completed=0/201 (0.0%)
2025-11-21 17:30:08,742 - Knowledge - INFO - knowledge worker kw9 start
2025-11-21 17:30:08,743 - Knowledge - INFO - Worker kw3 processing /Users/veera/Documents/kavia-backend/graphnode-backend-api/data/rdk7542/223427/b1520et/flask-223427/tests/static/index.html
2025-11-21 17:30:08,743 - Knowledge - INFO - Worker kw10 created using shared MongoDB connection pool
2025-11-21 17:30:08,743 - Knowledge - INFO - Worker kw5 processing /Users/veera/Documents/kavia-backend/graphnode-backend-api/data/rdk7542/223427/b1520et/flask-223427/tests/test_regression.py
2025-11-21 17:30:08,743 - Knowledge - INFO - Worker kw6 processing /Users/veera/Documents/kavia-backend/graphnode-backend-api/data/rdk7542/223427/b1520et/flask-223427/docs/tutorial/deploy.rst
2025-11-21 17:30:08,743 - Knowledge - INFO - Fast-tracked /Users/veera/Documents/kavia-backend/graphnode-backend-api/data/rdk7542/223427/b1520et/flask-223427/tests/test_converters.py (ext=.py, size=1093)
2025-11-21 17:30:08,743 - Knowledge - INFO - Worker kw2 processing /Users/veera/Documents/kavia-backend/graphnode-backend-api/data/rdk7542/223427/b1520et/flask-223427/tests/test_apps/helloworld/wsgi.py
2025-11-21 17:30:08,743 - Knowledge - INFO - Fast-tracked /Users/veera/Documents/kavia-backend/graphnode-backend-api/data/rdk7542/223427/b1520et/flask-223427/tests/templates/template_filter.html (ext=.html, size=26)
2025-11-21 17:30:08,743 - Knowledge - INFO - Batch sizing: calculated=12, max_allowed=25, queue=123, active_workers=7/9
2025-11-21 17:30:08,743 - Knowledge - INFO - Worker kw7 processing /Users/veera/Documents/kavia-backend/graphnode-backend-api/data/rdk7542/223427/b1520et/flask-223427/docs/patterns/fileuploads.rst
2025-11-21 17:30:08,743 - Knowledge - INFO - [kw9] Queue=111, InProgress=0, PendingWorkers=7/9, Completed=0/201 (0.0%)
2025-11-21 17:30:08,743 - Knowledge - INFO - Fast-tracked /Users/veera/Documents/kavia-backend/graphnode-backend-api/data/rdk7542/223427/b1520et/flask-223427/tests/static/index.html (ext=.html, size=22)
2025-11-21 17:30:08,743 - Knowledge - INFO - knowledge worker kw10 start
2025-11-21 17:30:08,744 - Knowledge - INFO - Fast-tracked /Users/veera/Documents/kavia-backend/graphnode-backend-api/data/rdk7542/223427/b1520et/flask-223427/tests/test_regression.py (ext=.py, size=712)
2025-11-21 17:30:08,744 - Knowledge - INFO - Worker kw6 processing /Users/veera/Documents/kavia-backend/graphnode-backend-api/data/rdk7542/223427/b1520et/flask-223427/docs/tutorial/database.rst
2025-11-21 17:30:08,744 - Knowledge - INFO - Worker kw1 processing /Users/veera/Documents/kavia-backend/graphnode-backend-api/data/rdk7542/223427/b1520et/flask-223427/tests/test_logging.py
2025-11-21 17:30:08,744 - Knowledge - INFO - Worker kw11 created using shared MongoDB connection pool
2025-11-21 17:30:08,744 - Knowledge - INFO - Worker kw4 processing /Users/veera/Documents/kavia-backend/graphnode-backend-api/data/rdk7542/223427/b1520et/flask-223427/tests/templates/mail.txt
2025-11-21 17:30:08,744 - Knowledge - INFO - Fast-tracked /Users/veera/Documents/kavia-backend/graphnode-backend-api/data/rdk7542/223427/b1520et/flask-223427/tests/test_apps/helloworld/wsgi.py (ext=.py, size=36)
2025-11-21 17:30:08,744 - Knowledge - INFO - Worker kw8 processing /Users/veera/Documents/kavia-backend/graphnode-backend-api/data/rdk7542/223427/b1520et/flask-223427/docs/patterns/packages.rst
2025-11-21 17:30:08,744 - Knowledge - INFO - Worker kw7 processing /Users/veera/Documents/kavia-backend/graphnode-backend-api/data/rdk7542/223427/b1520et/flask-223427/docs/patterns/wtforms.rst
2025-11-21 17:30:08,744 - Knowledge - INFO - Batch sizing: calculated=12, max_allowed=25, queue=111, active_workers=8/10
2025-11-21 17:30:08,744 - Knowledge - INFO - Worker kw3 processing /Users/veera/Documents/kavia-backend/graphnode-backend-api/data/rdk7542/223427/b1520et/flask-223427/tests/static/config.json
2025-11-21 17:30:08,744 - Knowledge - INFO - Worker kw5 processing /Users/veera/Documents/kavia-backend/graphnode-backend-api/data/rdk7542/223427/b1520et/flask-223427/tests/test_testing.py
2025-11-21 17:30:08,744 - Knowledge - INFO - [kw10] Queue=99, InProgress=0, PendingWorkers=8/10, Completed=0/201 (0.0%)
2025-11-21 17:30:08,744 - Knowledge - INFO - Worker kw6 processing /Users/veera/Documents/kavia-backend/graphnode-backend-api/data/rdk7542/223427/b1520et/flask-223427/docs/tutorial/blog.rst
2025-11-21 17:30:08,745 - Knowledge - INFO - Fast-tracked /Users/veera/Documents/kavia-backend/graphnode-backend-api/data/rdk7542/223427/b1520et/flask-223427/tests/test_logging.py (ext=.py, size=2529)
2025-11-21 17:30:08,745 - Knowledge - INFO - Worker kw2 processing /Users/veera/Documents/kavia-backend/graphnode-backend-api/data/rdk7542/223427/b1520et/flask-223427/tests/test_apps/subdomaintestmodule/__init__.py
2025-11-21 17:30:08,745 - Knowledge - INFO - knowledge worker kw11 start
2025-11-21 17:30:08,745 - Knowledge - INFO - Fast-tracked /Users/veera/Documents/kavia-backend/graphnode-backend-api/data/rdk7542/223427/b1520et/flask-223427/tests/templates/mail.txt (ext=.txt, size=14)
2025-11-21 17:30:08,745 - Knowledge - INFO - Worker kw12 created using shared MongoDB connection pool
2025-11-21 17:30:08,745 - Knowledge - INFO - Worker kw8 processing /Users/veera/Documents/kavia-backend/graphnode-backend-api/data/rdk7542/223427/b1520et/flask-223427/docs/patterns/favicon.rst
2025-11-21 17:30:08,745 - Knowledge - INFO - Worker kw7 processing /Users/veera/Documents/kavia-backend/graphnode-backend-api/data/rdk7542/223427/b1520et/flask-223427/docs/patterns/javascript.rst
2025-11-21 17:30:08,745 - Knowledge - INFO - Batch sizing: calculated=10, max_allowed=25, queue=99, active_workers=9/11
2025-11-21 17:30:08,745 - Knowledge - INFO - Fast-tracked /Users/veera/Documents/kavia-backend/graphnode-backend-api/data/rdk7542/223427/b1520et/flask-223427/tests/static/config.json (ext=.json, size=54)
2025-11-21 17:30:08,745 - Knowledge - INFO - Worker kw9 processing /Users/veera/Documents/kavia-backend/graphnode-backend-api/data/rdk7542/223427/b1520et/flask-223427/docs/testing.rst
2025-11-21 17:30:08,745 - Knowledge - INFO - Fast-tracked /Users/veera/Documents/kavia-backend/graphnode-backend-api/data/rdk7542/223427/b1520et/flask-223427/tests/test_testing.py (ext=.py, size=10259)
2025-11-21 17:30:08,745 - Knowledge - INFO - Worker kw1 processing /Users/veera/Documents/kavia-backend/graphnode-backend-api/data/rdk7542/223427/b1520et/flask-223427/tests/test_signals.py
2025-11-21 17:30:08,745 - Knowledge - INFO - Worker kw6 processing /Users/veera/Documents/kavia-backend/graphnode-backend-api/data/rdk7542/223427/b1520et/flask-223427/docs/tutorial/layout.rst
2025-11-21 17:30:08,745 - Knowledge - INFO - Fast-tracked /Users/veera/Documents/kavia-backend/graphnode-backend-api/data/rdk7542/223427/b1520et/flask-223427/tests/test_apps/subdomaintestmodule/__init__.py (ext=.py, size=73)
2025-11-21 17:30:08,746 - Knowledge - INFO - Worker kw4 processing /Users/veera/Documents/kavia-backend/graphnode-backend-api/data/rdk7542/223427/b1520et/flask-223427/tests/templates/template_test.html
2025-11-21 17:30:08,746 - Knowledge - INFO - [kw11] Queue=87, InProgress=0, PendingWorkers=9/11, Completed=0/201 (0.0%)
2025-11-21 17:30:08,746 - Knowledge - INFO - knowledge worker kw12 start
2025-11-21 17:30:08,746 - Knowledge - INFO - Worker kw13 created using shared MongoDB connection pool
2025-11-21 17:30:08,746 - Knowledge - INFO - Worker kw8 processing /Users/veera/Documents/kavia-backend/graphnode-backend-api/data/rdk7542/223427/b1520et/flask-223427/docs/patterns/viewdecorators.rst
2025-11-21 17:30:08,746 - Knowledge - INFO - Worker kw7 processing /Users/veera/Documents/kavia-backend/graphnode-backend-api/data/rdk7542/223427/b1520et/flask-223427/docs/patterns/streaming.rst
2025-11-21 17:30:08,746 - Knowledge - INFO - Worker kw3 processing /Users/veera/Documents/kavia-backend/graphnode-backend-api/data/rdk7542/223427/b1520et/flask-223427/tests/static/config.toml
2025-11-21 17:30:08,746 - Knowledge - INFO - Worker kw10 processing /Users/veera/Documents/kavia-backend/graphnode-backend-api/data/rdk7542/223427/b1520et/flask-223427/docs/license.rst
2025-11-21 17:30:08,746 - Knowledge - INFO - Worker kw5 processing /Users/veera/Documents/kavia-backend/graphnode-backend-api/data/rdk7542/223427/b1520et/flask-223427/docs/server.rst
2025-11-21 17:30:08,746 - Knowledge - INFO - Worker kw9 processing /Users/veera/Documents/kavia-backend/graphnode-backend-api/data/rdk7542/223427/b1520et/flask-223427/docs/errorhandling.rst
2025-11-21 17:30:08,746 - Knowledge - INFO - Fast-tracked /Users/veera/Documents/kavia-backend/graphnode-backend-api/data/rdk7542/223427/b1520et/flask-223427/tests/test_signals.py (ext=.py, size=4864)
2025-11-21 17:30:08,746 - Knowledge - INFO - Worker kw2 processing /Users/veera/Documents/kavia-backend/graphnode-backend-api/data/rdk7542/223427/b1520et/flask-223427/tests/test_apps/subdomaintestmodule/static/hello.txt
2025-11-21 17:30:08,746 - Knowledge - INFO - Worker kw6 processing /Users/veera/Documents/kavia-backend/graphnode-backend-api/data/rdk7542/223427/b1520et/flask-223427/docs/tutorial/next.rst
2025-11-21 17:30:08,747 - Knowledge - INFO - Batch sizing: calculated=10, max_allowed=25, queue=87, active_workers=10/12
2025-11-21 17:30:08,747 - Knowledge - INFO - Fast-tracked /Users/veera/Documents/kavia-backend/graphnode-backend-api/data/rdk7542/223427/b1520et/flask-223427/tests/templates/template_test.html (ext=.html, size=51)
2025-11-21 17:30:08,747 - Knowledge - INFO - knowledge worker kw13 start
2025-11-21 17:30:08,747 - Knowledge - INFO - [kw12] Queue=77, InProgress=0, PendingWorkers=10/12, Completed=0/201 (0.0%)
2025-11-21 17:30:08,747 - Knowledge - INFO - Worker kw14 created using shared MongoDB connection pool
2025-11-21 17:30:08,747 - Knowledge - INFO - Worker kw7 processing /Users/veera/Documents/kavia-backend/graphnode-backend-api/data/rdk7542/223427/b1520et/flask-223427/docs/patterns/lazyloading.rst
2025-11-21 17:30:08,747 - Knowledge - INFO - Worker kw8 processing /Users/veera/Documents/kavia-backend/graphnode-backend-api/data/rdk7542/223427/b1520et/flask-223427/docs/patterns/appdispatch.rst
2025-11-21 17:30:08,747 - Knowledge - INFO - Fast-tracked /Users/veera/Documents/kavia-backend/graphnode-backend-api/data/rdk7542/223427/b1520et/flask-223427/docs/license.rst (ext=.rst, size=98)
2025-11-21 17:30:08,747 - Knowledge - INFO - Fast-tracked /Users/veera/Documents/kavia-backend/graphnode-backend-api/data/rdk7542/223427/b1520et/flask-223427/tests/static/config.toml (ext=.toml, size=35)
2025-11-21 17:30:08,747 - Knowledge - INFO - Worker kw1 processing /Users/veera/Documents/kavia-backend/graphnode-backend-api/data/rdk7542/223427/b1520et/flask-223427/tests/test_request.py
2025-11-21 17:30:08,747 - Knowledge - INFO - Worker kw5 processing /Users/veera/Documents/kavia-backend/graphnode-backend-api/data/rdk7542/223427/b1520et/flask-223427/docs/index.rst
2025-11-21 17:30:08,747 - Knowledge - INFO - Worker kw9 processing /Users/veera/Documents/kavia-backend/graphnode-backend-api/data/rdk7542/223427/b1520et/flask-223427/docs/cli.rst
2025-11-21 17:30:08,747 - Knowledge - INFO - Worker kw4 processing /Users/veera/Documents/kavia-backend/graphnode-backend-api/data/rdk7542/223427/b1520et/flask-223427/tests/templates/context_template.html
2025-11-21 17:30:08,748 - Knowledge - INFO - Fast-tracked /Users/veera/Documents/kavia-backend/graphnode-backend-api/data/rdk7542/223427/b1520et/flask-223427/docs/tutorial/next.rst (ext=.rst, size=1631)
2025-11-21 17:30:08,748 - Knowledge - INFO - Worker kw11 processing /Users/veera/Documents/kavia-backend/graphnode-backend-api/data/rdk7542/223427/b1520et/flask-223427/docs/deploying/gunicorn.rst
2025-11-21 17:30:08,748 - Knowledge - INFO - Batch sizing: calculated=10, max_allowed=25, queue=77, active_workers=11/13
2025-11-21 17:30:08,748 - Knowledge - INFO - Fast-tracked /Users/veera/Documents/kavia-backend/graphnode-backend-api/data/rdk7542/223427/b1520et/flask-223427/tests/test_apps/subdomaintestmodule/static/hello.txt (ext=.txt, size=16)
2025-11-21 17:30:08,748 - Knowledge - INFO - knowledge worker kw14 start
2025-11-21 17:30:08,748 - Knowledge - INFO - [kw13] Queue=67, InProgress=0, PendingWorkers=11/13, Completed=0/201 (0.0%)
2025-11-21 17:30:08,748 - Knowledge - INFO - Worker kw15 created using shared MongoDB connection pool
2025-11-21 17:30:08,748 - Knowledge - INFO - Worker kw7 processing /Users/veera/Documents/kavia-backend/graphnode-backend-api/data/rdk7542/223427/b1520et/flask-223427/docs/patterns/jquery.rst
2025-11-21 17:30:08,748 - Knowledge - INFO - Worker kw8 processing /Users/veera/Documents/kavia-backend/graphnode-backend-api/data/rdk7542/223427/b1520et/flask-223427/docs/patterns/deferredcallbacks.rst
2025-11-21 17:30:08,748 - Knowledge - INFO - Worker kw10 processing /Users/veera/Documents/kavia-backend/graphnode-backend-api/data/rdk7542/223427/b1520et/flask-223427/docs/logging.rst
2025-11-21 17:30:08,748 - Knowledge - INFO - Worker kw3 processing /Users/veera/Documents/kavia-backend/graphnode-backend-api/data/rdk7542/223427/b1520et/flask-223427/tests/type_check/typing_route.py
2025-11-21 17:30:08,748 - Knowledge - INFO - Worker kw5 processing /Users/veera/Documents/kavia-backend/graphnode-backend-api/data/rdk7542/223427/b1520et/flask-223427/docs/blueprints.rst
2025-11-21 17:30:08,748 - Knowledge - INFO - Fast-tracked /Users/veera/Documents/kavia-backend/graphnode-backend-api/data/rdk7542/223427/b1520et/flask-223427/tests/test_request.py (ext=.py, size=1902)
2025-11-21 17:30:08,748 - Knowledge - INFO - Worker kw6 processing /Users/veera/Documents/kavia-backend/graphnode-backend-api/data/rdk7542/223427/b1520et/flask-223427/docs/shell.rst
2025-11-21 17:30:08,748 - Knowledge - INFO - Worker kw9 processing /Users/veera/Documents/kavia-backend/graphnode-backend-api/data/rdk7542/223427/b1520et/flask-223427/docs/conf.py
2025-11-21 17:30:08,749 - Knowledge - INFO - Fast-tracked /Users/veera/Documents/kavia-backend/graphnode-backend-api/data/rdk7542/223427/b1520et/flask-223427/tests/templates/context_template.html (ext=.html, size=36)
2025-11-21 17:30:08,749 - Knowledge - INFO - Worker kw11 processing /Users/veera/Documents/kavia-backend/graphnode-backend-api/data/rdk7542/223427/b1520et/flask-223427/docs/deploying/waitress.rst
2025-11-21 17:30:08,749 - Knowledge - INFO - Worker kw2 processing /Users/veera/Documents/kavia-backend/graphnode-backend-api/data/rdk7542/223427/b1520et/flask-223427/tests/test_apps/cliapp/inner1/__init__.py
2025-11-21 17:30:08,749 - Knowledge - INFO - Worker kw12 processing /Users/veera/Documents/kavia-backend/graphnode-backend-api/data/rdk7542/223427/b1520et/flask-223427/examples/tutorial/pyproject.toml
2025-11-21 17:30:08,750 - Knowledge - INFO - Batch sizing: calculated=10, max_allowed=25, queue=67, active_workers=12/14
2025-11-21 17:30:08,750 - Knowledge - INFO - [kw14] Queue=57, InProgress=0, PendingWorkers=12/14, Completed=0/201 (0.0%)
2025-11-21 17:30:08,750 - Knowledge - INFO - Fast-tracked /Users/veera/Documents/kavia-backend/graphnode-backend-api/data/rdk7542/223427/b1520et/flask-223427/docs/patterns/jquery.rst (ext=.rst, size=96)
2025-11-21 17:30:08,750 - Knowledge - INFO - knowledge worker kw15 start
2025-11-21 17:30:08,750 - Knowledge - INFO - Worker kw10 processing /Users/veera/Documents/kavia-backend/graphnode-backend-api/data/rdk7542/223427/b1520et/flask-223427/docs/web-security.rst
2025-11-21 17:30:08,750 - Knowledge - INFO - Worker kw16 created using shared MongoDB connection pool
2025-11-21 17:30:08,750 - Knowledge - INFO - Fast-tracked /Users/veera/Documents/kavia-backend/graphnode-backend-api/data/rdk7542/223427/b1520et/flask-223427/docs/patterns/deferredcallbacks.rst (ext=.rst, size=1848)
2025-11-21 17:30:08,750 - Knowledge - INFO - Fast-tracked /Users/veera/Documents/kavia-backend/graphnode-backend-api/data/rdk7542/223427/b1520et/flask-223427/tests/type_check/typing_route.py (ext=.py, size=2532)
2025-11-21 17:30:08,750 - Knowledge - INFO - Worker kw1 processing /Users/veera/Documents/kavia-backend/graphnode-backend-api/data/rdk7542/223427/b1520et/flask-223427/tests/test_async.py
2025-11-21 17:30:08,750 - Knowledge - INFO - Worker kw5 processing /Users/veera/Documents/kavia-backend/graphnode-backend-api/data/rdk7542/223427/b1520et/flask-223427/docs/tutorial/install.rst
2025-11-21 17:30:08,750 - Knowledge - INFO - Worker kw9 processing /Users/veera/Documents/kavia-backend/graphnode-backend-api/data/rdk7542/223427/b1520et/flask-223427/docs/config.rst
2025-11-21 17:30:08,750 - Knowledge - INFO - Worker kw4 processing /Users/veera/Documents/kavia-backend/graphnode-backend-api/data/rdk7542/223427/b1520et/flask-223427/tests/templates/non_escaping_template.txt
2025-11-21 17:30:08,750 - Knowledge - INFO - Worker kw6 processing /Users/veera/Documents/kavia-backend/graphnode-backend-api/data/rdk7542/223427/b1520et/flask-223427/docs/templating.rst
2025-11-21 17:30:08,751 - Knowledge - INFO - Worker kw11 processing /Users/veera/Documents/kavia-backend/graphnode-backend-api/data/rdk7542/223427/b1520et/flask-223427/docs/deploying/nginx.rst
2025-11-21 17:30:08,751 - Knowledge - INFO - Fast-tracked /Users/veera/Documents/kavia-backend/graphnode-backend-api/data/rdk7542/223427/b1520et/flask-223427/tests/test_apps/cliapp/inner1/__init__.py (ext=.py, size=55)
2025-11-21 17:30:08,751 - Knowledge - INFO - Batch sizing: calculated=10, max_allowed=25, queue=57, active_workers=13/15
2025-11-21 17:30:08,751 - Knowledge - INFO - Fast-tracked /Users/veera/Documents/kavia-backend/graphnode-backend-api/data/rdk7542/223427/b1520et/flask-223427/examples/tutorial/pyproject.toml (ext=.toml, size=771)
2025-11-21 17:30:08,751 - Knowledge - INFO - Worker kw7 processing /Users/veera/Documents/kavia-backend/graphnode-backend-api/data/rdk7542/223427/b1520et/flask-223427/docs/patterns/celery.rst
2025-11-21 17:30:08,751 - Knowledge - INFO - [kw15] Queue=47, InProgress=0, PendingWorkers=13/15, Completed=0/201 (0.0%)
2025-11-21 17:30:08,751 - Knowledge - INFO - Worker kw10 processing /Users/veera/Documents/kavia-backend/graphnode-backend-api/data/rdk7542/223427/b1520et/flask-223427/docs/deploying/index.rst
2025-11-21 17:30:08,751 - Knowledge - INFO - Worker kw13 processing /Users/veera/Documents/kavia-backend/graphnode-backend-api/data/rdk7542/223427/b1520et/flask-223427/examples/tutorial/flaskr/__init__.py
2025-11-21 17:30:08,751 - Knowledge - INFO - knowledge worker kw16 start
2025-11-21 17:30:08,751 - Knowledge - INFO - Worker kw8 processing /Users/veera/Documents/kavia-backend/graphnode-backend-api/data/rdk7542/223427/b1520et/flask-223427/docs/patterns/requestchecksum.rst
2025-11-21 17:30:08,751 - Knowledge - INFO - Worker kw17 created using shared MongoDB connection pool
2025-11-21 17:30:08,751 - Knowledge - INFO - Worker kw3 processing /Users/veera/Documents/kavia-backend/graphnode-backend-api/data/rdk7542/223427/b1520et/flask-223427/tests/type_check/typing_app_decorators.py
2025-11-21 17:30:08,751 - Knowledge - INFO - Fast-tracked /Users/veera/Documents/kavia-backend/graphnode-backend-api/data/rdk7542/223427/b1520et/flask-223427/tests/test_async.py (ext=.py, size=3335)
2025-11-21 17:30:08,751 - Knowledge - INFO - Worker kw5 processing /Users/veera/Documents/kavia-backend/graphnode-backend-api/data/rdk7542/223427/b1520et/flask-223427/docs/tutorial/templates.rst
2025-11-21 17:30:08,752 - Knowledge - INFO - Worker kw9 processing /Users/veera/Documents/kavia-backend/graphnode-backend-api/data/rdk7542/223427/b1520et/flask-223427/docs/reqcontext.rst
2025-11-21 17:30:08,752 - Knowledge - INFO - Worker kw6 processing /Users/veera/Documents/kavia-backend/graphnode-backend-api/data/rdk7542/223427/b1520et/flask-223427/docs/design.rst
2025-11-21 17:30:08,752 - Knowledge - INFO - Fast-tracked /Users/veera/Documents/kavia-backend/graphnode-backend-api/data/rdk7542/223427/b1520et/flask-223427/tests/templates/non_escaping_template.txt (ext=.txt, size=169)
2025-11-21 17:30:08,752 - Knowledge - INFO - Worker kw11 processing /Users/veera/Documents/kavia-backend/graphnode-backend-api/data/rdk7542/223427/b1520et/flask-223427/docs/deploying/gevent.rst
2025-11-21 17:30:08,752 - Knowledge - INFO - Worker kw2 processing /Users/veera/Documents/kavia-backend/graphnode-backend-api/data/rdk7542/223427/b1520et/flask-223427/tests/test_apps/cliapp/inner1/inner2/flask.py
2025-11-21 17:30:08,752 - Knowledge - INFO - Worker kw12 processing /Users/veera/Documents/kavia-backend/graphnode-backend-api/data/rdk7542/223427/b1520et/flask-223427/examples/tutorial/tests/conftest.py
2025-11-21 17:30:08,752 - Knowledge - INFO - Worker kw14 processing /Users/veera/Documents/kavia-backend/graphnode-backend-api/data/rdk7542/223427/b1520et/flask-223427/examples/tutorial/LICENSE.txt
2025-11-21 17:30:08,752 - Knowledge - INFO - Batch sizing: calculated=10, max_allowed=25, queue=47, active_workers=14/16
2025-11-21 17:30:08,752 - Knowledge - INFO - Worker kw7 processing /Users/veera/Documents/kavia-backend/graphnode-backend-api/data/rdk7542/223427/b1520et/flask-223427/docs/patterns/sqlite3.rst
2025-11-21 17:30:08,752 - Knowledge - INFO - Worker kw10 processing /Users/veera/Documents/kavia-backend/graphnode-backend-api/data/rdk7542/223427/b1520et/flask-223427/docs/deploying/eventlet.rst
2025-11-21 17:30:08,752 - Knowledge - INFO - Fast-tracked /Users/veera/Documents/kavia-backend/graphnode-backend-api/data/rdk7542/223427/b1520et/flask-223427/examples/tutorial/flaskr/__init__.py (ext=.py, size=1437)
2025-11-21 17:30:08,753 - Knowledge - INFO - knowledge worker kw17 start
2025-11-21 17:30:08,753 - Knowledge - INFO - Worker kw1 processing /Users/veera/Documents/kavia-backend/graphnode-backend-api/data/rdk7542/223427/b1520et/flask-223427/tests/test_session_interface.py
2025-11-21 17:30:08,753 - Knowledge - INFO - [kw16] Queue=37, InProgress=0, PendingWorkers=14/16, Completed=0/201 (0.0%)
2025-11-21 17:30:08,753 - Knowledge - INFO - Worker kw18 created using shared MongoDB connection pool
2025-11-21 17:30:08,753 - Knowledge - INFO - Fast-tracked /Users/veera/Documents/kavia-backend/graphnode-backend-api/data/rdk7542/223427/b1520et/flask-223427/docs/patterns/requestchecksum.rst (ext=.rst, size=1861)
2025-11-21 17:30:08,753 - Knowledge - INFO - Fast-tracked /Users/veera/Documents/kavia-backend/graphnode-backend-api/data/rdk7542/223427/b1520et/flask-223427/tests/type_check/typing_app_decorators.py (ext=.py, size=589)
2025-11-21 17:30:08,753 - Knowledge - INFO - Worker kw4 processing /Users/veera/Documents/kavia-backend/graphnode-backend-api/data/rdk7542/223427/b1520et/flask-223427/tests/templates/_macro.html
2025-11-21 17:30:08,753 - Knowledge - INFO - Worker kw5 processing /Users/veera/Documents/kavia-backend/graphnode-backend-api/data/rdk7542/223427/b1520et/flask-223427/docs/tutorial/index.rst
2025-11-21 17:30:08,753 - Knowledge - INFO - Fast-tracked /Users/veera/Documents/kavia-backend/graphnode-backend-api/data/rdk7542/223427/b1520et/flask-223427/docs/reqcontext.rst (ext=.rst, size=93)
2025-11-21 17:30:08,753 - Knowledge - INFO - Worker kw6 processing /Users/veera/Documents/kavia-backend/graphnode-backend-api/data/rdk7542/223427/b1520et/flask-223427/docs/patterns/index.rst
2025-11-21 17:30:08,753 - Knowledge - INFO - Worker kw11 processing /Users/veera/Documents/kavia-backend/graphnode-backend-api/data/rdk7542/223427/b1520et/flask-223427/docs/extensions.rst
2025-11-21 17:30:08,753 - Knowledge - INFO - Fast-tracked /Users/veera/Documents/kavia-backend/graphnode-backend-api/data/rdk7542/223427/b1520et/flask-223427/tests/test_apps/cliapp/inner1/inner2/flask.py (ext=.py, size=47)
2025-11-21 17:30:08,753 - Knowledge - INFO - Fast-tracked /Users/veera/Documents/kavia-backend/graphnode-backend-api/data/rdk7542/223427/b1520et/flask-223427/examples/tutorial/tests/conftest.py (ext=.py, size=1454)
2025-11-21 17:30:08,753 - Knowledge - INFO - Fast-tracked /Users/veera/Documents/kavia-backend/graphnode-backend-api/data/rdk7542/223427/b1520et/flask-223427/examples/tutorial/LICENSE.txt (ext=.txt, size=1475)
2025-11-21 17:30:08,754 - Knowledge - INFO - Worker kw7 processing /Users/veera/Documents/kavia-backend/graphnode-backend-api/data/rdk7542/223427/b1520et/flask-223427/docs/patterns/methodoverrides.rst
2025-11-21 17:30:08,754 - Knowledge - INFO - Worker kw15 processing /Users/veera/Documents/kavia-backend/graphnode-backend-api/data/rdk7542/223427/b1520et/flask-223427/examples/javascript/js_example/templates/base.html
2025-11-21 17:30:08,754 - Knowledge - INFO - Worker kw13 processing /Users/veera/Documents/kavia-backend/graphnode-backend-api/data/rdk7542/223427/b1520et/flask-223427/examples/tutorial/flaskr/static/style.css
2025-11-21 17:30:08,754 - Knowledge - INFO - Worker kw10 processing /Users/veera/Documents/kavia-backend/graphnode-backend-api/data/rdk7542/223427/b1520et/flask-223427/docs/deploying/proxy_fix.rst
2025-11-21 17:30:08,754 - Knowledge - INFO - [kw17] Queue=27, InProgress=0, PendingWorkers=15/17, Completed=0/201 (0.0%)
2025-11-21 17:30:08,754 - Knowledge - INFO - Batch sizing: calculated=10, max_allowed=25, queue=37, active_workers=15/17
2025-11-21 17:30:08,754 - Knowledge - INFO - Fast-tracked /Users/veera/Documents/kavia-backend/graphnode-backend-api/data/rdk7542/223427/b1520et/flask-223427/tests/test_session_interface.py (ext=.py, size=784)
2025-11-21 17:30:08,754 - Knowledge - INFO - Worker kw8 processing /Users/veera/Documents/kavia-backend/graphnode-backend-api/data/rdk7542/223427/b1520et/flask-223427/docs/patterns/subclassing.rst
2025-11-21 17:30:08,754 - Knowledge - INFO - knowledge worker kw18 start
2025-11-21 17:30:08,754 - Knowledge - INFO - Worker kw3 processing /Users/veera/Documents/kavia-backend/graphnode-backend-api/data/rdk7542/223427/b1520et/flask-223427/tests/type_check/typing_error_handler.py
2025-11-21 17:30:08,754 - Knowledge - INFO - Worker kw19 created using shared MongoDB connection pool
2025-11-21 17:30:08,754 - Knowledge - INFO - Worker kw9 processing /Users/veera/Documents/kavia-backend/graphnode-backend-api/data/rdk7542/223427/b1520et/flask-223427/docs/views.rst
2025-11-21 17:30:08,754 - Knowledge - INFO - Fast-tracked /Users/veera/Documents/kavia-backend/graphnode-backend-api/data/rdk7542/223427/b1520et/flask-223427/tests/templates/_macro.html (ext=.html, size=55)
2025-11-21 17:30:08,754 - Knowledge - INFO - Worker kw5 processing /Users/veera/Documents/kavia-backend/graphnode-backend-api/data/rdk7542/223427/b1520et/flask-223427/docs/tutorial/factory.rst
2025-11-21 17:30:08,755 - Knowledge - INFO - Worker kw2 processing /Users/veera/Documents/kavia-backend/graphnode-backend-api/data/rdk7542/223427/b1520et/flask-223427/tests/test_apps/cliapp/importerrorapp.py
2025-11-21 17:30:08,755 - Knowledge - INFO - Fast-tracked /Users/veera/Documents/kavia-backend/graphnode-backend-api/data/rdk7542/223427/b1520et/flask-223427/docs/patterns/index.rst (ext=.rst, size=961)
2025-11-21 17:30:08,755 - Knowledge - INFO - Fast-tracked /Users/veera/Documents/kavia-backend/graphnode-backend-api/data/rdk7542/223427/b1520et/flask-223427/docs/extensions.rst (ext=.rst, size=1372)
2025-11-21 17:30:08,755 - Knowledge - INFO - Worker kw12 processing /Users/veera/Documents/kavia-backend/graphnode-backend-api/data/rdk7542/223427/b1520et/flask-223427/examples/tutorial/tests/data.sql
2025-11-21 17:30:08,755 - Knowledge - INFO - Worker kw14 processing /Users/veera/Documents/kavia-backend/graphnode-backend-api/data/rdk7542/223427/b1520et/flask-223427/examples/celery/requirements.txt
2025-11-21 17:30:08,755 - Knowledge - INFO - Fast-tracked /Users/veera/Documents/kavia-backend/graphnode-backend-api/data/rdk7542/223427/b1520et/flask-223427/examples/javascript/js_example/templates/base.html (ext=.html, size=1178)
2025-11-21 17:30:08,755 - Knowledge - INFO - Fast-tracked /Users/veera/Documents/kavia-backend/graphnode-backend-api/data/rdk7542/223427/b1520et/flask-223427/docs/patterns/methodoverrides.rst (ext=.rst, size=1456)
2025-11-21 17:30:08,755 - Knowledge - INFO - Batch sizing: calculated=10, max_allowed=25, queue=27, active_workers=15/18
2025-11-21 17:30:08,755 - Knowledge - INFO - Fast-tracked /Users/veera/Documents/kavia-backend/graphnode-backend-api/data/rdk7542/223427/b1520et/flask-223427/examples/tutorial/flaskr/static/style.css (ext=.css, size=1696)
2025-11-21 17:30:08,755 - Knowledge - INFO - Fast-tracked /Users/veera/Documents/kavia-backend/graphnode-backend-api/data/rdk7542/223427/b1520et/flask-223427/docs/deploying/proxy_fix.rst (ext=.rst, size=1365)
2025-11-21 17:30:08,755 - Knowledge - INFO - Worker kw1 processing /Users/veera/Documents/kavia-backend/graphnode-backend-api/data/rdk7542/223427/b1520et/flask-223427/tests/test_instance_config.py
2025-11-21 17:30:08,755 - Knowledge - INFO - Worker kw16 processing /Users/veera/Documents/kavia-backend/graphnode-backend-api/data/rdk7542/223427/b1520et/flask-223427/LICENSE.txt
2025-11-21 17:30:08,755 - Knowledge - INFO - [kw18] Queue=17, InProgress=0, PendingWorkers=16/18, Completed=0/201 (0.0%)
2025-11-21 17:30:08,755 - Knowledge - INFO - Fast-tracked /Users/veera/Documents/kavia-backend/graphnode-backend-api/data/rdk7542/223427/b1520et/flask-223427/docs/patterns/subclassing.rst (ext=.rst, size=676)
2025-11-21 17:30:08,755 - Knowledge - INFO - Fast-tracked /Users/veera/Documents/kavia-backend/graphnode-backend-api/data/rdk7542/223427/b1520et/flask-223427/tests/type_check/typing_error_handler.py (ext=.py, size=647)
2025-11-21 17:30:08,756 - Knowledge - INFO - knowledge worker kw19 start
2025-11-21 17:30:08,756 - Knowledge - INFO - Worker kw4 processing /Users/veera/Documents/kavia-backend/graphnode-backend-api/data/rdk7542/223427/b1520et/flask-223427/tests/templates/nested/nested.txt
2025-11-21 17:30:08,756 - Knowledge - INFO - Worker kw20 created using shared MongoDB connection pool
2025-11-21 17:30:08,756 - Knowledge - INFO - Worker kw9 processing /Users/veera/Documents/kavia-backend/graphnode-backend-api/data/rdk7542/223427/b1520et/flask-223427/docs/debugging.rst
2025-11-21 17:30:08,756 - Knowledge - INFO - Worker kw5 processing /Users/veera/Documents/kavia-backend/graphnode-backend-api/data/rdk7542/223427/b1520et/flask-223427/docs/tutorial/static.rst
2025-11-21 17:30:08,756 - Knowledge - INFO - Worker kw6 processing /Users/veera/Documents/kavia-backend/graphnode-backend-api/data/rdk7542/223427/b1520et/flask-223427/docs/patterns/mongoengine.rst
2025-11-21 17:30:08,756 - Knowledge - INFO - Worker kw11 processing /Users/veera/Documents/kavia-backend/graphnode-backend-api/data/rdk7542/223427/b1520et/flask-223427/docs/appcontext.rst
2025-11-21 17:30:08,756 - Knowledge - INFO - Fast-tracked /Users/veera/Documents/kavia-backend/graphnode-backend-api/data/rdk7542/223427/b1520et/flask-223427/tests/test_apps/cliapp/importerrorapp.py (ext=.py, size=73)
2025-11-21 17:30:08,756 - Knowledge - INFO - Fast-tracked /Users/veera/Documents/kavia-backend/graphnode-backend-api/data/rdk7542/223427/b1520et/flask-223427/examples/tutorial/tests/data.sql (ext=.sql, size=394)
2025-11-21 17:30:08,756 - Knowledge - INFO - Worker kw15 processing /Users/veera/Documents/kavia-backend/graphnode-backend-api/data/rdk7542/223427/b1520et/flask-223427/examples/javascript/js_example/templates/jquery.html
2025-11-21 17:30:08,756 - Knowledge - INFO - Fast-tracked /Users/veera/Documents/kavia-backend/graphnode-backend-api/data/rdk7542/223427/b1520et/flask-223427/examples/celery/requirements.txt (ext=.txt, size=1073)
2025-11-21 17:30:08,756 - Knowledge - INFO - Worker kw7 processing /Users/veera/Documents/kavia-backend/graphnode-backend-api/data/rdk7542/223427/b1520et/flask-223427/docs/patterns/flashing.rst
2025-11-21 17:30:08,756 - Knowledge - INFO - Worker kw13 processing /Users/veera/Documents/kavia-backend/graphnode-backend-api/data/rdk7542/223427/b1520et/flask-223427/examples/tutorial/flaskr/templates/base.html
2025-11-21 17:30:08,756 - Knowledge - INFO - Worker kw10 processing /Users/veera/Documents/kavia-backend/graphnode-backend-api/data/rdk7542/223427/b1520et/flask-223427/docs/deploying/apache-httpd.rst
2025-11-21 17:30:08,757 - Knowledge - INFO - Worker kw17 processing /Users/veera/Documents/kavia-backend/graphnode-backend-api/data/rdk7542/223427/b1520et/flask-223427/src/flask/templating.py
2025-11-21 17:30:08,757 - Knowledge - INFO - Batch sizing: calculated=10, max_allowed=25, queue=17, active_workers=17/19
2025-11-21 17:30:08,757 - Knowledge - INFO - Worker kw8 processing /Users/veera/Documents/kavia-backend/graphnode-backend-api/data/rdk7542/223427/b1520et/flask-223427/docs/patterns/caching.rst
2025-11-21 17:30:08,757 - Knowledge - INFO - Fast-tracked /Users/veera/Documents/kavia-backend/graphnode-backend-api/data/rdk7542/223427/b1520et/flask-223427/LICENSE.txt (ext=.txt, size=1475)
2025-11-21 17:30:08,757 - Knowledge - INFO - Fast-tracked /Users/veera/Documents/kavia-backend/graphnode-backend-api/data/rdk7542/223427/b1520et/flask-223427/tests/test_instance_config.py (ext=.py, size=3317)
2025-11-21 17:30:08,757 - Knowledge - INFO - Worker kw3 processing /Users/veera/Documents/kavia-backend/graphnode-backend-api/data/rdk7542/223427/b1520et/flask-223427/tests/test_blueprints.py
2025-11-21 17:30:08,757 - Knowledge - INFO - [kw19] Queue=7, InProgress=0, PendingWorkers=17/19, Completed=0/201 (0.0%)
2025-11-21 17:30:08,757 - Knowledge - INFO - Fast-tracked /Users/veera/Documents/kavia-backend/graphnode-backend-api/data/rdk7542/223427/b1520et/flask-223427/tests/templates/nested/nested.txt (ext=.txt, size=11)
2025-11-21 17:30:08,757 - Knowledge - INFO - knowledge worker kw20 start
2025-11-21 17:30:08,757 - Knowledge - INFO - Worker kw5 processing /Users/veera/Documents/kavia-backend/graphnode-backend-api/data/rdk7542/223427/b1520et/flask-223427/docs/tutorial/tests.rst
2025-11-21 17:30:08,757 - Knowledge - INFO - Worker kw9 processing /Users/veera/Documents/kavia-backend/graphnode-backend-api/data/rdk7542/223427/b1520et/flask-223427/docs/extensiondev.rst
2025-11-21 17:30:08,758 - Knowledge - INFO - Worker kw2 processing /Users/veera/Documents/kavia-backend/graphnode-backend-api/data/rdk7542/223427/b1520et/flask-223427/tests/test_apps/cliapp/factory.py
2025-11-21 17:30:08,758 - Knowledge - INFO - Worker kw6 processing /Users/veera/Documents/kavia-backend/graphnode-backend-api/data/rdk7542/223427/b1520et/flask-223427/docs/patterns/sqlalchemy.rst
2025-11-21 17:30:08,758 - Knowledge - INFO - Worker kw11 processing /Users/veera/Documents/kavia-backend/graphnode-backend-api/data/rdk7542/223427/b1520et/flask-223427/docs/changes.rst
2025-11-21 17:30:08,758 - Knowledge - INFO - Worker kw12 processing /Users/veera/Documents/kavia-backend/graphnode-backend-api/data/rdk7542/223427/b1520et/flask-223427/examples/tutorial/tests/test_auth.py
2025-11-21 17:30:08,758 - Knowledge - INFO - Worker kw14 processing /Users/veera/Documents/kavia-backend/graphnode-backend-api/data/rdk7542/223427/b1520et/flask-223427/examples/celery/pyproject.toml
2025-11-21 17:30:08,758 - Knowledge - INFO - Fast-tracked /Users/veera/Documents/kavia-backend/graphnode-backend-api/data/rdk7542/223427/b1520et/flask-223427/examples/javascript/js_example/templates/jquery.html (ext=.html, size=666)
2025-11-21 17:30:08,758 - Knowledge - INFO - Worker kw7 processing /Users/veera/Documents/kavia-backend/graphnode-backend-api/data/rdk7542/223427/b1520et/flask-223427/docs/patterns/singlepageapplications.rst
2025-11-21 17:30:08,758 - Knowledge - INFO - Fast-tracked /Users/veera/Documents/kavia-backend/graphnode-backend-api/data/rdk7542/223427/b1520et/flask-223427/examples/tutorial/flaskr/templates/base.html (ext=.html, size=752)
2025-11-21 17:30:08,758 - Knowledge - INFO - Worker kw10 processing /Users/veera/Documents/kavia-backend/graphnode-backend-api/data/rdk7542/223427/b1520et/flask-223427/docs/deploying/asgi.rst
2025-11-21 17:30:08,758 - Knowledge - INFO - Worker kw17 processing /Users/veera/Documents/kavia-backend/graphnode-backend-api/data/rdk7542/223427/b1520et/flask-223427/src/flask/globals.py
2025-11-21 17:30:08,758 - Knowledge - INFO - Worker kw18 processing /Users/veera/Documents/kavia-backend/graphnode-backend-api/data/rdk7542/223427/b1520et/flask-223427/src/flask/debughelpers.py
2025-11-21 17:30:08,758 - Knowledge - INFO - Worker kw16 processing /Users/veera/Documents/kavia-backend/graphnode-backend-api/data/rdk7542/223427/b1520et/flask-223427/CHANGES.rst
2025-11-21 17:30:08,759 - Knowledge - INFO - Fast-tracked /Users/veera/Documents/kavia-backend/graphnode-backend-api/data/rdk7542/223427/b1520et/flask-223427/docs/patterns/caching.rst (ext=.rst, size=653)
2025-11-21 17:30:08,759 - Knowledge - INFO - Worker kw1 processing /Users/veera/Documents/kavia-backend/graphnode-backend-api/data/rdk7542/223427/b1520et/flask-223427/tests/test_apps/blueprintapp/__init__.py
2025-11-21 17:30:08,759 - Knowledge - INFO - Batch sizing: calculated=7, max_allowed=25, queue=7, active_workers=18/20
2025-11-21 17:30:08,759 - Knowledge - INFO - Fast-tracked /Users/veera/Documents/kavia-backend/graphnode-backend-api/data/rdk7542/223427/b1520et/flask-223427/tests/test_blueprints.py (ext=.py, size=31909)
2025-11-21 17:30:08,759 - Knowledge - INFO - Worker kw4 processing /Users/veera/Documents/kavia-backend/graphnode-backend-api/data/rdk7542/223427/b1520et/flask-223427/tests/test_helpers.py
2025-11-21 17:30:08,770 - Knowledge - INFO - Worker kw9 processing /Users/veera/Documents/kavia-backend/graphnode-backend-api/data/rdk7542/223427/b1520et/flask-223427/docs/quickstart.rst
2025-11-21 17:30:08,794 - Knowledge - INFO - Fast-tracked /Users/veera/Documents/kavia-backend/graphnode-backend-api/data/rdk7542/223427/b1520et/flask-223427/tests/test_apps/cliapp/factory.py (ext=.py, size=169)
2025-11-21 17:30:08,806 - Knowledge - INFO - Fast-tracked /Users/veera/Documents/kavia-backend/graphnode-backend-api/data/rdk7542/223427/b1520et/flask-223427/docs/changes.rst (ext=.rst, size=45)
2025-11-21 17:30:08,819 - Knowledge - INFO - Worker kw15 processing /Users/veera/Documents/kavia-backend/graphnode-backend-api/data/rdk7542/223427/b1520et/flask-223427/examples/javascript/js_example/templates/fetch.html
2025-11-21 17:30:08,826 - Knowledge - INFO - Fast-tracked /Users/veera/Documents/kavia-backend/graphnode-backend-api/data/rdk7542/223427/b1520et/flask-223427/examples/tutorial/tests/test_auth.py (ext=.py, size=2070)
2025-11-21 17:30:08,826 - Knowledge - INFO - Fast-tracked /Users/veera/Documents/kavia-backend/graphnode-backend-api/data/rdk7542/223427/b1520et/flask-223427/examples/celery/pyproject.toml (ext=.toml, size=381)
2025-11-21 17:30:08,843 - Knowledge - INFO - Fast-tracked /Users/veera/Documents/kavia-backend/graphnode-backend-api/data/rdk7542/223427/b1520et/flask-223427/docs/patterns/singlepageapplications.rst (ext=.rst, size=731)
2025-11-21 17:30:08,856 - Knowledge - INFO - Worker kw13 processing /Users/veera/Documents/kavia-backend/graphnode-backend-api/data/rdk7542/223427/b1520et/flask-223427/examples/tutorial/flaskr/templates/auth/register.html
2025-11-21 17:30:08,887 - Knowledge - INFO - Fast-tracked /Users/veera/Documents/kavia-backend/graphnode-backend-api/data/rdk7542/223427/b1520et/flask-223427/docs/deploying/asgi.rst (ext=.rst, size=673)
2025-11-21 17:30:08,919 - Knowledge - INFO - Worker kw18 processing /Users/veera/Documents/kavia-backend/graphnode-backend-api/data/rdk7542/223427/b1520et/flask-223427/src/flask/ctx.py
2025-11-21 17:30:08,932 - Knowledge - INFO - Worker kw8 processing /Users/veera/Documents/kavia-backend/graphnode-backend-api/data/rdk7542/223427/b1520et/flask-223427/docs/patterns/appfactories.rst
2025-11-21 17:30:08,944 - Knowledge - INFO - Worker kw17 processing /Users/veera/Documents/kavia-backend/graphnode-backend-api/data/rdk7542/223427/b1520et/flask-223427/src/flask/__init__.py
2025-11-21 17:30:08,950 - Knowledge - INFO - Worker kw16 processing /Users/veera/Documents/kavia-backend/graphnode-backend-api/data/rdk7542/223427/b1520et/flask-223427/src/flask/logging.py
2025-11-21 17:30:08,961 - Knowledge - INFO - Fast-tracked /Users/veera/Documents/kavia-backend/graphnode-backend-api/data/rdk7542/223427/b1520et/flask-223427/tests/test_apps/blueprintapp/__init__.py (ext=.py, size=256)
2025-11-21 17:30:08,961 - Knowledge - INFO - Worker kw3 processing /Users/veera/Documents/kavia-backend/graphnode-backend-api/data/rdk7542/223427/b1520et/flask-223427/tests/test_config.py
2025-11-21 17:30:08,982 - Knowledge - INFO - Fast-tracked /Users/veera/Documents/kavia-backend/graphnode-backend-api/data/rdk7542/223427/b1520et/flask-223427/docs/index.rst (small file (2055 bytes))
2025-11-21 17:30:08,982 - Knowledge - INFO - Fast-tracked /Users/veera/Documents/kavia-backend/graphnode-backend-api/data/rdk7542/223427/b1520et/flask-223427/tests/test_helpers.py (ext=.py, size=11224)
2025-11-21 17:30:09,001 - Knowledge - INFO - Worker kw9 processing /Users/veera/Documents/kavia-backend/graphnode-backend-api/data/rdk7542/223427/b1520et/flask-223427/docs/lifecycle.rst
2025-11-21 17:30:09,013 - Knowledge - INFO - Worker kw2 processing /Users/veera/Documents/kavia-backend/graphnode-backend-api/data/rdk7542/223427/b1520et/flask-223427/tests/test_apps/cliapp/message.txt
2025-11-21 17:30:09,025 - Knowledge - INFO - Worker kw11 processing /Users/veera/Documents/kavia-backend/graphnode-backend-api/data/rdk7542/223427/b1520et/flask-223427/docs/async-await.rst
2025-11-21 17:30:09,069 - Knowledge - INFO - Worker kw12 processing /Users/veera/Documents/kavia-backend/graphnode-backend-api/data/rdk7542/223427/b1520et/flask-223427/examples/tutorial/tests/test_db.py
2025-11-21 17:30:09,087 - Knowledge - INFO - Fast-tracked /Users/veera/Documents/kavia-backend/graphnode-backend-api/data/rdk7542/223427/b1520et/flask-223427/examples/javascript/js_example/templates/fetch.html (ext=.html, size=852)
2025-11-21 17:30:09,094 - Knowledge - INFO - Worker kw14 processing /Users/veera/Documents/kavia-backend/graphnode-backend-api/data/rdk7542/223427/b1520et/flask-223427/examples/celery/README.md
2025-11-21 17:30:09,099 - Knowledge - INFO - Worker kw7 processing /Users/veera/Documents/kavia-backend/graphnode-backend-api/data/rdk7542/223427/b1520et/flask-223427/docs/patterns/urlprocessors.rst
2025-11-21 17:30:09,124 - Knowledge - INFO - Fast-tracked /Users/veera/Documents/kavia-backend/graphnode-backend-api/data/rdk7542/223427/b1520et/flask-223427/examples/tutorial/flaskr/templates/auth/register.html (ext=.html, size=428)
2025-11-21 17:30:09,125 - Knowledge - INFO - Worker kw10 processing /Users/veera/Documents/kavia-backend/graphnode-backend-api/data/rdk7542/223427/b1520et/flask-223427/docs/deploying/mod_wsgi.rst
2025-11-21 17:30:09,141 - Knowledge - INFO - Worker kw18 processing /Users/veera/Documents/kavia-backend/graphnode-backend-api/data/rdk7542/223427/b1520et/flask-223427/src/flask/typing.py
2025-11-21 17:30:09,143 - Knowledge - INFO - Worker kw17 processing /Users/veera/Documents/kavia-backend/graphnode-backend-api/data/rdk7542/223427/b1520et/flask-223427/src/flask/blueprints.py
2025-11-21 17:30:09,143 - Knowledge - INFO - Worker kw8 processing /Users/veera/Documents/kavia-backend/graphnode-backend-api/data/rdk7542/223427/b1520et/flask-223427/docs/patterns/templateinheritance.rst
2025-11-21 17:30:09,144 - Knowledge - INFO - Worker kw16 processing /Users/veera/Documents/kavia-backend/graphnode-backend-api/data/rdk7542/223427/b1520et/flask-223427/src/flask/sansio/blueprints.py
2025-11-21 17:30:09,144 - Knowledge - INFO - Worker kw1 processing /Users/veera/Documents/kavia-backend/graphnode-backend-api/data/rdk7542/223427/b1520et/flask-223427/tests/test_apps/blueprintapp/apps/frontend/__init__.py
2025-11-21 17:30:09,163 - Knowledge - INFO - Fast-tracked /Users/veera/Documents/kavia-backend/graphnode-backend-api/data/rdk7542/223427/b1520et/flask-223427/tests/test_config.py (ext=.py, size=7748)
2025-11-21 17:30:09,200 - Knowledge - INFO - Worker kw4 processing /Users/veera/Documents/kavia-backend/graphnode-backend-api/data/rdk7542/223427/b1520et/flask-223427/tests/test_json.py
2025-11-21 17:30:09,206 - Knowledge - INFO - Worker kw9 processing /Users/veera/Documents/kavia-backend/graphnode-backend-api/data/rdk7542/223427/b1520et/flask-223427/docs/installation.rst
2025-11-21 17:30:09,213 - Knowledge - INFO - Worker kw15 processing /Users/veera/Documents/kavia-backend/graphnode-backend-api/data/rdk7542/223427/b1520et/flask-223427/examples/javascript/js_example/templates/xhr.html
2025-11-21 17:30:09,231 - Knowledge - INFO - Fast-tracked /Users/veera/Documents/kavia-backend/graphnode-backend-api/data/rdk7542/223427/b1520et/flask-223427/tests/test_apps/cliapp/message.txt (ext=.txt, size=38)
2025-11-21 17:30:09,243 - Knowledge - INFO - Fast-tracked /Users/veera/Documents/kavia-backend/graphnode-backend-api/data/rdk7542/223427/b1520et/flask-223427/examples/tutorial/tests/test_db.py (ext=.py, size=616)
2025-11-21 17:30:09,249 - Knowledge - INFO - Worker kw11 processing /Users/veera/Documents/kavia-backend/graphnode-backend-api/data/rdk7542/223427/b1520et/flask-223427/docs/api.rst
2025-11-21 17:30:09,274 - Knowledge - INFO - Worker kw13 processing /Users/veera/Documents/kavia-backend/graphnode-backend-api/data/rdk7542/223427/b1520et/flask-223427/examples/tutorial/flaskr/templates/auth/login.html
2025-11-21 17:30:09,281 - Knowledge - INFO - Fast-tracked /Users/veera/Documents/kavia-backend/graphnode-backend-api/data/rdk7542/223427/b1520et/flask-223427/examples/celery/README.md (ext=.md, size=950)
2025-11-21 17:30:09,304 - Knowledge - INFO - Worker kw18 processing /Users/veera/Documents/kavia-backend/graphnode-backend-api/data/rdk7542/223427/b1520et/flask-223427/src/flask/testing.py
2025-11-21 17:30:09,305 - Knowledge - INFO - Worker kw10 processing /Users/veera/Documents/kavia-backend/graphnode-backend-api/data/rdk7542/223427/b1520et/flask-223427/docs/deploying/uwsgi.rst
2025-11-21 17:30:09,313 - Knowledge - INFO - Worker kw17 processing /Users/veera/Documents/kavia-backend/graphnode-backend-api/data/rdk7542/223427/b1520et/flask-223427/src/flask/json/provider.py
2025-11-21 17:30:09,313 - Knowledge - INFO - Fast-tracked /Users/veera/Documents/kavia-backend/graphnode-backend-api/data/rdk7542/223427/b1520et/flask-223427/docs/tutorial/install.rst (small file (2838 bytes))
2025-11-21 17:30:09,344 - Knowledge - INFO - Worker kw16 processing /Users/veera/Documents/kavia-backend/graphnode-backend-api/data/rdk7542/223427/b1520et/flask-223427/src/flask/sansio/README.md
2025-11-21 17:30:09,351 - Knowledge - INFO - Fast-tracked /Users/veera/Documents/kavia-backend/graphnode-backend-api/data/rdk7542/223427/b1520et/flask-223427/tests/test_apps/blueprintapp/apps/frontend/__init__.py (ext=.py, size=327)
2025-11-21 17:30:09,351 - Knowledge - INFO - Worker kw8 processing /Users/veera/Documents/kavia-backend/graphnode-backend-api/data/rdk7542/223427/b1520et/flask-223427/docs/signals.rst
2025-11-21 17:30:09,375 - Knowledge - INFO - Worker kw3 processing /Users/veera/Documents/kavia-backend/graphnode-backend-api/data/rdk7542/223427/b1520et/flask-223427/tests/test_user_error_handler.py
2025-11-21 17:30:09,425 - Knowledge - INFO - Fast-tracked /Users/veera/Documents/kavia-backend/graphnode-backend-api/data/rdk7542/223427/b1520et/flask-223427/tests/test_json.py (ext=.py, size=8741)
2025-11-21 17:30:09,431 - Knowledge - INFO - Worker kw2 processing /Users/veera/Documents/kavia-backend/graphnode-backend-api/data/rdk7542/223427/b1520et/flask-223427/tests/test_apps/cliapp/multiapp.py
2025-11-21 17:30:09,438 - Knowledge - INFO - Worker kw12 processing /Users/veera/Documents/kavia-backend/graphnode-backend-api/data/rdk7542/223427/b1520et/flask-223427/examples/tutorial/tests/test_factory.py
2025-11-21 17:30:09,438 - Knowledge - INFO - Fast-tracked /Users/veera/Documents/kavia-backend/graphnode-backend-api/data/rdk7542/223427/b1520et/flask-223427/examples/javascript/js_example/templates/xhr.html (ext=.html, size=933)
2025-11-21 17:30:09,475 - Knowledge - INFO - Worker kw11 processing /Users/veera/Documents/kavia-backend/graphnode-backend-api/data/rdk7542/223427/b1520et/flask-223427/README.md
2025-11-21 17:30:09,494 - Knowledge - INFO - Fast-tracked /Users/veera/Documents/kavia-backend/graphnode-backend-api/data/rdk7542/223427/b1520et/flask-223427/examples/tutorial/flaskr/templates/auth/login.html (ext=.html, size=424)
2025-11-21 17:30:09,494 - Knowledge - INFO - Worker kw14 processing /Users/veera/Documents/kavia-backend/graphnode-backend-api/data/rdk7542/223427/b1520et/flask-223427/examples/celery/make_celery.py
2025-11-21 17:30:09,528 - Knowledge - INFO - Worker kw18 processing /Users/veera/Documents/kavia-backend/graphnode-backend-api/data/rdk7542/223427/b1520et/flask-223427/src/flask/helpers.py
2025-11-21 17:30:09,561 - Knowledge - INFO - Worker kw17 processing /Users/veera/Documents/kavia-backend/graphnode-backend-api/data/rdk7542/223427/b1520et/flask-223427/src/flask/json/__init__.py
2025-11-21 17:30:09,622 - Knowledge - INFO - Fast-tracked /Users/veera/Documents/kavia-backend/graphnode-backend-api/data/rdk7542/223427/b1520et/flask-223427/src/flask/sansio/README.md (ext=.md, size=228)
2025-11-21 17:30:09,622 - Knowledge - INFO - Worker kw1 processing /Users/veera/Documents/kavia-backend/graphnode-backend-api/data/rdk7542/223427/b1520et/flask-223427/tests/test_apps/blueprintapp/apps/frontend/templates/frontend/index.html
2025-11-21 17:30:09,628 - Knowledge - INFO - Fast-tracked /Users/veera/Documents/kavia-backend/graphnode-backend-api/data/rdk7542/223427/b1520et/flask-223427/docs/tutorial/layout.rst (small file (2716 bytes))
2025-11-21 17:30:09,635 - Knowledge - INFO - Worker kw8 processing /Users/veera/Documents/kavia-backend/graphnode-backend-api/data/rdk7542/223427/b1520et/flask-223427/docs/contributing.rst
2025-11-21 17:30:09,641 - Knowledge - INFO - Worker kw4 processing /Users/veera/Documents/kavia-backend/graphnode-backend-api/data/rdk7542/223427/b1520et/flask-223427/tests/test_cli.py
2025-11-21 17:30:09,641 - Knowledge - INFO - Fast-tracked /Users/veera/Documents/kavia-backend/graphnode-backend-api/data/rdk7542/223427/b1520et/flask-223427/tests/test_user_error_handler.py (ext=.py, size=8436)
2025-11-21 17:30:09,672 - Knowledge - INFO - Fast-tracked /Users/veera/Documents/kavia-backend/graphnode-backend-api/data/rdk7542/223427/b1520et/flask-223427/tests/test_apps/cliapp/multiapp.py (ext=.py, size=67)
2025-11-21 17:30:09,673 - Knowledge - INFO - Worker kw15 processing /Users/veera/Documents/kavia-backend/graphnode-backend-api/data/rdk7542/223427/b1520et/flask-223427/examples/javascript/js_example/views.py
2025-11-21 17:30:09,685 - Knowledge - INFO - Fast-tracked /Users/veera/Documents/kavia-backend/graphnode-backend-api/data/rdk7542/223427/b1520et/flask-223427/examples/tutorial/tests/test_factory.py (ext=.py, size=298)
2025-11-21 17:30:09,697 - Knowledge - INFO - Fast-tracked /Users/veera/Documents/kavia-backend/graphnode-backend-api/data/rdk7542/223427/b1520et/flask-223427/README.md (ext=.md, size=1639)
2025-11-21 17:30:09,703 - Knowledge - INFO - Worker kw13 processing /Users/veera/Documents/kavia-backend/graphnode-backend-api/data/rdk7542/223427/b1520et/flask-223427/examples/tutorial/flaskr/templates/blog/update.html
2025-11-21 17:30:09,720 - Knowledge - INFO - Worker kw16 processing /Users/veera/Documents/kavia-backend/graphnode-backend-api/data/rdk7542/223427/b1520et/flask-223427/src/flask/sansio/app.py
2025-11-21 17:30:09,720 - Knowledge - INFO - Worker kw18 processing /Users/veera/Documents/kavia-backend/graphnode-backend-api/data/rdk7542/223427/b1520et/flask-223427/src/flask/__main__.py
2025-11-21 17:30:09,732 - Knowledge - INFO - Fast-tracked /Users/veera/Documents/kavia-backend/graphnode-backend-api/data/rdk7542/223427/b1520et/flask-223427/examples/celery/make_celery.py (ext=.py, size=102)
2025-11-21 17:30:09,733 - Knowledge - INFO - Worker kw17 processing /Users/veera/Documents/kavia-backend/graphnode-backend-api/data/rdk7542/223427/b1520et/flask-223427/src/flask/json/tag.py
2025-11-21 17:30:09,739 - Knowledge - INFO - Fast-tracked /Users/veera/Documents/kavia-backend/graphnode-backend-api/data/rdk7542/223427/b1520et/flask-223427/tests/test_apps/blueprintapp/apps/frontend/templates/frontend/index.html (ext=.html, size=24)
2025-11-21 17:30:09,769 - Knowledge - INFO - Worker kw3 processing /Users/veera/Documents/kavia-backend/graphnode-backend-api/data/rdk7542/223427/b1520et/flask-223427/tests/templates/simple_template.html
2025-11-21 17:30:09,769 - Knowledge - INFO - Fast-tracked /Users/veera/Documents/kavia-backend/graphnode-backend-api/data/rdk7542/223427/b1520et/flask-223427/tests/test_cli.py (ext=.py, size=20382)
2025-11-21 17:30:09,769 - Knowledge - INFO - Fast-tracked /Users/veera/Documents/kavia-backend/graphnode-backend-api/data/rdk7542/223427/b1520et/flask-223427/docs/contributing.rst (ext=.rst, size=274)
2025-11-21 17:30:09,770 - Knowledge - INFO - Worker kw2 processing /Users/veera/Documents/kavia-backend/graphnode-backend-api/data/rdk7542/223427/b1520et/flask-223427/tests/test_apps/cliapp/app.py
2025-11-21 17:30:09,777 - Knowledge - INFO - Fast-tracked /Users/veera/Documents/kavia-backend/graphnode-backend-api/data/rdk7542/223427/b1520et/flask-223427/docs/shell.rst (small file (2853 bytes))
2025-11-21 17:30:09,777 - Knowledge - INFO - Worker kw12 processing /Users/veera/Documents/kavia-backend/graphnode-backend-api/data/rdk7542/223427/b1520et/flask-223427/examples/tutorial/tests/test_blog.py
2025-11-21 17:30:09,778 - Knowledge - INFO - Worker kw14 processing /Users/veera/Documents/kavia-backend/graphnode-backend-api/data/rdk7542/223427/b1520et/flask-223427/examples/celery/src/task_app/tasks.py
2025-11-21 17:30:09,778 - Knowledge - INFO - Fast-tracked /Users/veera/Documents/kavia-backend/graphnode-backend-api/data/rdk7542/223427/b1520et/flask-223427/examples/javascript/js_example/views.py (ext=.py, size=429)
2025-11-21 17:30:09,778 - Knowledge - INFO - Worker kw16 processing /Users/veera/Documents/kavia-backend/graphnode-backend-api/data/rdk7542/223427/b1520et/flask-223427/src/flask/sansio/scaffold.py
2025-11-21 17:30:09,778 - Knowledge - INFO - Worker kw1 processing /Users/veera/Documents/kavia-backend/graphnode-backend-api/data/rdk7542/223427/b1520et/flask-223427/tests/test_apps/blueprintapp/apps/admin/__init__.py
2025-11-21 17:30:09,796 - Knowledge - INFO - Fast-tracked /Users/veera/Documents/kavia-backend/graphnode-backend-api/data/rdk7542/223427/b1520et/flask-223427/examples/tutorial/flaskr/templates/blog/update.html (ext=.html, size=690)
2025-11-21 17:30:09,797 - Knowledge - INFO - Worker kw17 processing /Users/veera/Documents/kavia-backend/graphnode-backend-api/data/rdk7542/223427/b1520et/flask-223427/src/flask/cli.py
2025-11-21 17:30:09,797 - Knowledge - INFO - Worker kw4 processing /Users/veera/Documents/kavia-backend/graphnode-backend-api/data/rdk7542/223427/b1520et/flask-223427/tests/test_templating.py
2025-11-21 17:30:09,797 - Knowledge - INFO - Fast-tracked /Users/veera/Documents/kavia-backend/graphnode-backend-api/data/rdk7542/223427/b1520et/flask-223427/tests/templates/simple_template.html (ext=.html, size=23)
2025-11-21 17:30:09,809 - Knowledge - INFO - Fast-tracked /Users/veera/Documents/kavia-backend/graphnode-backend-api/data/rdk7542/223427/b1520et/flask-223427/src/flask/__main__.py (ext=.py, size=30)
2025-11-21 17:30:09,809 - Knowledge - INFO - Fast-tracked /Users/veera/Documents/kavia-backend/graphnode-backend-api/data/rdk7542/223427/b1520et/flask-223427/tests/test_apps/cliapp/app.py (ext=.py, size=52)
2025-11-21 17:30:09,821 - Knowledge - INFO - Fast-tracked /Users/veera/Documents/kavia-backend/graphnode-backend-api/data/rdk7542/223427/b1520et/flask-223427/examples/tutorial/tests/test_blog.py (ext=.py, size=2503)
2025-11-21 17:30:09,846 - Knowledge - INFO - Worker kw15 processing /Users/veera/Documents/kavia-backend/graphnode-backend-api/data/rdk7542/223427/b1520et/flask-223427/examples/javascript/pyproject.toml
2025-11-21 17:30:09,869 - Knowledge - INFO - Worker kw13 processing /Users/veera/Documents/kavia-backend/graphnode-backend-api/data/rdk7542/223427/b1520et/flask-223427/examples/tutorial/flaskr/templates/blog/index.html
2025-11-21 17:30:09,869 - Knowledge - INFO - Fast-tracked /Users/veera/Documents/kavia-backend/graphnode-backend-api/data/rdk7542/223427/b1520et/flask-223427/examples/celery/src/task_app/tasks.py (ext=.py, size=484)
2025-11-21 17:30:09,870 - Knowledge - INFO - Fast-tracked /Users/veera/Documents/kavia-backend/graphnode-backend-api/data/rdk7542/223427/b1520et/flask-223427/tests/test_apps/blueprintapp/apps/admin/__init__.py (ext=.py, size=366)
2025-11-21 17:30:09,870 - Knowledge - INFO - Worker kw18 processing /Users/veera/Documents/kavia-backend/graphnode-backend-api/data/rdk7542/223427/b1520et/flask-223427/src/flask/views.py
2025-11-21 17:30:09,870 - Knowledge - INFO - Worker kw16 processing /Users/veera/Documents/kavia-backend/graphnode-backend-api/data/rdk7542/223427/b1520et/flask-223427/src/flask/signals.py
2025-11-21 17:30:09,870 - Knowledge - INFO - Worker kw17 processing /Users/veera/Documents/kavia-backend/graphnode-backend-api/data/rdk7542/223427/b1520et/flask-223427/src/flask/wrappers.py
2025-11-21 17:30:09,892 - Knowledge - INFO - Worker kw2 processing /Users/veera/Documents/kavia-backend/graphnode-backend-api/data/rdk7542/223427/b1520et/flask-223427/tests/test_views.py
2025-11-21 17:30:09,892 - Knowledge - INFO - Fast-tracked /Users/veera/Documents/kavia-backend/graphnode-backend-api/data/rdk7542/223427/b1520et/flask-223427/tests/test_templating.py (ext=.py, size=15403)
2025-11-21 17:30:09,893 - Knowledge - INFO - Worker kw12 processing /Users/veera/Documents/kavia-backend/graphnode-backend-api/data/rdk7542/223427/b1520et/flask-223427/examples/tutorial/flaskr/auth.py
2025-11-21 17:30:09,900 - Knowledge - INFO - Fast-tracked /Users/veera/Documents/kavia-backend/graphnode-backend-api/data/rdk7542/223427/b1520et/flask-223427/examples/javascript/pyproject.toml (ext=.toml, size=736)
2025-11-21 17:30:09,906 - Knowledge - INFO - Fast-tracked /Users/veera/Documents/kavia-backend/graphnode-backend-api/data/rdk7542/223427/b1520et/flask-223427/docs/tutorial/index.rst (small file (2061 bytes))
2025-11-21 17:30:09,906 - Knowledge - INFO - Fast-tracked /Users/veera/Documents/kavia-backend/graphnode-backend-api/data/rdk7542/223427/b1520et/flask-223427/examples/tutorial/flaskr/templates/blog/index.html (ext=.html, size=790)
2025-11-21 17:30:09,919 - Knowledge - INFO - Worker kw14 processing /Users/veera/Documents/kavia-backend/graphnode-backend-api/data/rdk7542/223427/b1520et/flask-223427/examples/celery/src/task_app/__init__.py
2025-11-21 17:30:09,960 - Knowledge - INFO - Worker kw1 processing /Users/veera/Documents/kavia-backend/graphnode-backend-api/data/rdk7542/223427/b1520et/flask-223427/tests/test_apps/blueprintapp/apps/admin/static/css/test.css
2025-11-21 17:30:10,005 - Knowledge - INFO - Fast-tracked /Users/veera/Documents/kavia-backend/graphnode-backend-api/data/rdk7542/223427/b1520et/flask-223427/src/flask/signals.py (ext=.py, size=750)
2025-11-21 17:30:10,006 - Knowledge - INFO - Worker kw17 processing /Users/veera/Documents/kavia-backend/graphnode-backend-api/data/rdk7542/223427/b1520et/flask-223427/src/flask/app.py
2025-11-21 17:30:10,006 - Knowledge - INFO - Fast-tracked /Users/veera/Documents/kavia-backend/graphnode-backend-api/data/rdk7542/223427/b1520et/flask-223427/tests/test_views.py (ext=.py, size=6732)
2025-11-21 17:30:10,050 - Knowledge - INFO - Worker kw12 processing /Users/veera/Documents/kavia-backend/graphnode-backend-api/data/rdk7542/223427/b1520et/flask-223427/examples/tutorial/flaskr/db.py
2025-11-21 17:30:10,056 - Knowledge - INFO - Fast-tracked /Users/veera/Documents/kavia-backend/graphnode-backend-api/data/rdk7542/223427/b1520et/flask-223427/docs/patterns/streaming.rst (small file (2654 bytes))
2025-11-21 17:30:10,066 - Knowledge - INFO - Worker kw15 processing /Users/veera/Documents/kavia-backend/graphnode-backend-api/data/rdk7542/223427/b1520et/flask-223427/examples/javascript/tests/test_js_example.py
2025-11-21 17:30:10,087 - Knowledge - INFO - Worker kw13 processing /Users/veera/Documents/kavia-backend/graphnode-backend-api/data/rdk7542/223427/b1520et/flask-223427/examples/tutorial/flaskr/templates/blog/create.html
2025-11-21 17:30:10,088 - Knowledge - INFO - Fast-tracked /Users/veera/Documents/kavia-backend/graphnode-backend-api/data/rdk7542/223427/b1520et/flask-223427/docs/deploying/waitress.rst (small file (2337 bytes))
2025-11-21 17:30:10,088 - Knowledge - INFO - Fast-tracked /Users/veera/Documents/kavia-backend/graphnode-backend-api/data/rdk7542/223427/b1520et/flask-223427/examples/celery/src/task_app/__init__.py (ext=.py, size=1019)
2025-11-21 17:30:10,106 - Knowledge - INFO - Fast-tracked /Users/veera/Documents/kavia-backend/graphnode-backend-api/data/rdk7542/223427/b1520et/flask-223427/docs/patterns/favicon.rst (small file (2100 bytes))
2025-11-21 17:30:10,107 - Knowledge - INFO - Fast-tracked /Users/veera/Documents/kavia-backend/graphnode-backend-api/data/rdk7542/223427/b1520et/flask-223427/tests/test_apps/blueprintapp/apps/admin/static/css/test.css (ext=.css, size=18)
2025-11-21 17:30:10,127 - Knowledge - INFO - Worker kw16 processing /Users/veera/Documents/kavia-backend/graphnode-backend-api/data/rdk7542/223427/b1520et/flask-223427/src/flask/sessions.py
2025-11-21 17:30:10,224 - Knowledge - INFO - Fast-tracked /Users/veera/Documents/kavia-backend/graphnode-backend-api/data/rdk7542/223427/b1520et/flask-223427/docs/patterns/mongoengine.rst (small file (2857 bytes))
2025-11-21 17:30:10,249 - Knowledge - INFO - Fast-tracked /Users/veera/Documents/kavia-backend/graphnode-backend-api/data/rdk7542/223427/b1520et/flask-223427/docs/deploying/eventlet.rst (small file (2405 bytes))
2025-11-21 17:30:10,249 - Knowledge - INFO - Worker kw2 processing /Users/veera/Documents/kavia-backend/graphnode-backend-api/data/rdk7542/223427/b1520et/flask-223427/tests/test_json_tag.py
2025-11-21 17:30:10,299 - Knowledge - INFO - Fast-tracked /Users/veera/Documents/kavia-backend/graphnode-backend-api/data/rdk7542/223427/b1520et/flask-223427/examples/tutorial/flaskr/db.py (ext=.py, size=1317)
2025-11-21 17:30:10,324 - Knowledge - INFO - Fast-tracked /Users/veera/Documents/kavia-backend/graphnode-backend-api/data/rdk7542/223427/b1520et/flask-223427/examples/javascript/tests/test_js_example.py (ext=.py, size=727)
2025-11-21 17:30:10,361 - Knowledge - INFO - Fast-tracked /Users/veera/Documents/kavia-backend/graphnode-backend-api/data/rdk7542/223427/b1520et/flask-223427/examples/tutorial/flaskr/templates/blog/create.html (ext=.html, size=447)
2025-11-21 17:30:10,427 - Knowledge - INFO - Processing batch of 12 files
2025-11-21 17:30:10,427 - Knowledge - INFO - Fast-tracked /Users/veera/Documents/kavia-backend/graphnode-backend-api/data/rdk7542/223427/b1520et/flask-223427/docs/deploying/nginx.rst (small file (2316 bytes))
2025-11-21 17:30:10,454 - Knowledge - INFO - Worker kw14 processing /Users/veera/Documents/kavia-backend/graphnode-backend-api/data/rdk7542/223427/b1520et/flask-223427/examples/celery/src/task_app/templates/index.html
2025-11-21 17:30:10,470 - Knowledge - INFO - Fast-tracked /Users/veera/Documents/kavia-backend/graphnode-backend-api/data/rdk7542/223427/b1520et/flask-223427/src/flask/globals.py (small file (2414 bytes))
2025-11-21 17:30:10,634 - Knowledge - INFO - Processing batch of 12 files
2025-11-21 17:30:10,665 - Knowledge - INFO - Worker kw16 processing /Users/veera/Documents/kavia-backend/graphnode-backend-api/data/rdk7542/223427/b1520et/flask-223427/src/flask/config.py
2025-11-21 17:30:10,741 - Knowledge - INFO - Fast-tracked /Users/veera/Documents/kavia-backend/graphnode-backend-api/data/rdk7542/223427/b1520et/flask-223427/tests/test_json_tag.py (ext=.py, size=1998)
2025-11-21 17:30:10,742 - Knowledge - INFO - Fast-tracked /Users/veera/Documents/kavia-backend/graphnode-backend-api/data/rdk7542/223427/b1520et/flask-223427/docs/deploying/apache-httpd.rst (small file (2364 bytes))
2025-11-21 17:30:10,765 - Knowledge - INFO - Worker kw12 processing /Users/veera/Documents/kavia-backend/graphnode-backend-api/data/rdk7542/223427/b1520et/flask-223427/examples/tutorial/flaskr/schema.sql
2025-11-21 17:30:10,783 - Knowledge - INFO - Worker kw15 processing /Users/veera/Documents/kavia-backend/graphnode-backend-api/data/rdk7542/223427/b1520et/flask-223427/examples/javascript/tests/conftest.py
2025-11-21 17:30:10,886 - Knowledge - INFO - Worker kw13 processing /Users/veera/Documents/kavia-backend/graphnode-backend-api/data/rdk7542/223427/b1520et/flask-223427/examples/tutorial/flaskr/blog.py
2025-11-21 17:30:10,898 - Knowledge - INFO - process ingested knowledge for /Users/veera/Documents/kavia-backend/graphnode-backend-api/data/rdk7542/223427/b1520et/flask-223427/tests/templates/escaping_template.html
2025-11-21 17:30:10,930 - Knowledge - INFO - Fast-tracked /Users/veera/Documents/kavia-backend/graphnode-backend-api/data/rdk7542/223427/b1520et/flask-223427/docs/deploying/gevent.rst (small file (2417 bytes))
2025-11-21 17:30:10,938 - Knowledge - INFO - process ingested knowledge for /Users/veera/Documents/kavia-backend/graphnode-backend-api/data/rdk7542/223427/b1520et/flask-223427/tests/test_subclassing.py
2025-11-21 17:30:10,947 - Knowledge - INFO - Worker kw14 processing /Users/veera/Documents/kavia-backend/graphnode-backend-api/data/rdk7542/223427/b1520et/flask-223427/examples/celery/src/task_app/views.py
2025-11-21 17:30:10,954 - Knowledge - INFO - Fast-tracked /Users/veera/Documents/kavia-backend/graphnode-backend-api/data/rdk7542/223427/b1520et/flask-223427/src/flask/__init__.py (small file (2072 bytes))
2025-11-21 17:30:11,005 - Knowledge - INFO - Split /Users/veera/Documents/kavia-backend/graphnode-backend-api/data/rdk7542/223427/b1520et/flask-223427/CHANGES.rst (72481 bytes) into 3 chunks of ~32KB
2025-11-21 17:30:11,034 - Knowledge - INFO - Fast-tracked /Users/veera/Documents/kavia-backend/graphnode-backend-api/data/rdk7542/223427/b1520et/flask-223427/examples/tutorial/flaskr/schema.sql (ext=.sql, size=498)
2025-11-21 17:30:11,049 - Knowledge - INFO - Fast-tracked /Users/veera/Documents/kavia-backend/graphnode-backend-api/data/rdk7542/223427/b1520et/flask-223427/docs/deploying/mod_wsgi.rst (small file (2813 bytes))
2025-11-21 17:30:11,056 - Knowledge - INFO - Fast-tracked /Users/veera/Documents/kavia-backend/graphnode-backend-api/data/rdk7542/223427/b1520et/flask-223427/examples/javascript/tests/conftest.py (ext=.py, size=216)
2025-11-21 17:30:11,056 - Knowledge - INFO - Worker kw13 processing /Users/veera/Documents/kavia-backend/graphnode-backend-api/data/rdk7542/223427/b1520et/flask-223427/examples/tutorial/README.rst
2025-11-21 17:30:11,073 - Knowledge - INFO - process ingested knowledge for /Users/veera/Documents/kavia-backend/graphnode-backend-api/data/rdk7542/223427/b1520et/flask-223427/tests/templates/template_filter.html
2025-11-21 17:30:11,080 - Knowledge - INFO - Fast-tracked /Users/veera/Documents/kavia-backend/graphnode-backend-api/data/rdk7542/223427/b1520et/flask-223427/examples/celery/src/task_app/views.py (ext=.py, size=954)
2025-11-21 17:30:11,081 - Knowledge - INFO - process ingested knowledge for /Users/veera/Documents/kavia-backend/graphnode-backend-api/data/rdk7542/223427/b1520et/flask-223427/tests/test_reqctx.py
2025-11-21 17:30:11,083 - Knowledge - INFO - Worker kw15 processing /Users/veera/Documents/kavia-backend/graphnode-backend-api/data/rdk7542/223427/b1520et/flask-223427/examples/javascript/README.rst
2025-11-21 17:30:11,165 - Knowledge - INFO - Fast-tracked /Users/veera/Documents/kavia-backend/graphnode-backend-api/data/rdk7542/223427/b1520et/flask-223427/examples/tutorial/README.rst (ext=.rst, size=1273)
2025-11-21 17:30:11,166 - Knowledge - INFO - process ingested knowledge for /Users/veera/Documents/kavia-backend/graphnode-backend-api/data/rdk7542/223427/b1520et/flask-223427/tests/templates/mail.txt
2025-11-21 17:30:11,174 - Knowledge - INFO - Worker kw14 processing /Users/veera/Documents/kavia-backend/graphnode-backend-api/data/rdk7542/223427/b1520et/flask-223427/examples/javascript/js_example/__init__.py
2025-11-21 17:30:11,180 - Knowledge - INFO - process ingested knowledge for /Users/veera/Documents/kavia-backend/graphnode-backend-api/data/rdk7542/223427/b1520et/flask-223427/tests/static/index.html
2025-11-21 17:30:11,255 - Knowledge - INFO - Fast-tracked /Users/veera/Documents/kavia-backend/graphnode-backend-api/data/rdk7542/223427/b1520et/flask-223427/examples/javascript/README.rst (ext=.rst, size=1086)
2025-11-21 17:30:11,356 - Knowledge - INFO - process ingested knowledge for /Users/veera/Documents/kavia-backend/graphnode-backend-api/data/rdk7542/223427/b1520et/flask-223427/tests/templates/template_test.html
2025-11-21 17:30:11,358 - Knowledge - INFO - Fast-tracked /Users/veera/Documents/kavia-backend/graphnode-backend-api/data/rdk7542/223427/b1520et/flask-223427/src/flask/logging.py (small file (2377 bytes))
2025-11-21 17:30:11,366 - Knowledge - INFO - Fast-tracked /Users/veera/Documents/kavia-backend/graphnode-backend-api/data/rdk7542/223427/b1520et/flask-223427/examples/javascript/js_example/__init__.py (ext=.py, size=97)
2025-11-21 17:30:11,376 - Knowledge - INFO - Worker kw15 processing /Users/veera/Documents/kavia-backend/graphnode-backend-api/data/rdk7542/223427/b1520et/flask-223427/examples/javascript/LICENSE.txt
2025-11-21 17:30:11,385 - Knowledge - INFO - process ingested knowledge for /Users/veera/Documents/kavia-backend/graphnode-backend-api/data/rdk7542/223427/b1520et/flask-223427/tests/static/config.json
2025-11-21 17:30:11,424 - Knowledge - INFO - process ingested knowledge for /Users/veera/Documents/kavia-backend/graphnode-backend-api/data/rdk7542/223427/b1520et/flask-223427/tests/templates/context_template.html
2025-11-21 17:30:11,446 - Knowledge - INFO - Fast-tracked /Users/veera/Documents/kavia-backend/graphnode-backend-api/data/rdk7542/223427/b1520et/flask-223427/examples/celery/src/task_app/templates/index.html (small file (2907 bytes))
2025-11-21 17:30:11,462 - Knowledge - INFO - Fast-tracked /Users/veera/Documents/kavia-backend/graphnode-backend-api/data/rdk7542/223427/b1520et/flask-223427/examples/javascript/LICENSE.txt (ext=.txt, size=1475)
2025-11-21 17:30:11,467 - Knowledge - INFO - process ingested knowledge for /Users/veera/Documents/kavia-backend/graphnode-backend-api/data/rdk7542/223427/b1520et/flask-223427/tests/static/config.toml
2025-11-21 17:30:11,483 - Knowledge - INFO - Fast-tracked /Users/veera/Documents/kavia-backend/graphnode-backend-api/data/rdk7542/223427/b1520et/flask-223427/docs/patterns/templateinheritance.rst (small file (2197 bytes))
2025-11-21 17:30:11,485 - Knowledge - INFO - process ingested knowledge for /Users/veera/Documents/kavia-backend/graphnode-backend-api/data/rdk7542/223427/b1520et/flask-223427/tests/templates/non_escaping_template.txt
2025-11-21 17:30:11,705 - Knowledge - INFO - process ingested knowledge for /Users/veera/Documents/kavia-backend/graphnode-backend-api/data/rdk7542/223427/b1520et/flask-223427/tests/type_check/typing_route.py
2025-11-21 17:30:11,769 - Knowledge - INFO - process ingested knowledge for /Users/veera/Documents/kavia-backend/graphnode-backend-api/data/rdk7542/223427/b1520et/flask-223427/tests/type_check/typing_app_decorators.py
2025-11-21 17:30:11,796 - Knowledge - INFO - process ingested knowledge for /Users/veera/Documents/kavia-backend/graphnode-backend-api/data/rdk7542/223427/b1520et/flask-223427/tests/templates/_macro.html
2025-11-21 17:30:11,798 - Knowledge - INFO - process ingested knowledge for /Users/veera/Documents/kavia-backend/graphnode-backend-api/data/rdk7542/223427/b1520et/flask-223427/tests/type_check/typing_error_handler.py
2025-11-21 17:30:11,799 - Knowledge - INFO - process ingested knowledge for /Users/veera/Documents/kavia-backend/graphnode-backend-api/data/rdk7542/223427/b1520et/flask-223427/tests/templates/nested/nested.txt
2025-11-21 17:30:11,830 - Knowledge - INFO - process ingested knowledge for /Users/veera/Documents/kavia-backend/graphnode-backend-api/data/rdk7542/223427/b1520et/flask-223427/tests/test_blueprints.py
2025-11-21 17:30:11,833 - Knowledge - INFO - Processing batch of 15 files
2025-11-21 17:30:11,840 - Knowledge - INFO - process ingested knowledge for /Users/veera/Documents/kavia-backend/graphnode-backend-api/data/rdk7542/223427/b1520et/flask-223427/tests/test_helpers.py
2025-11-21 17:30:11,901 - Knowledge - INFO - process ingested knowledge for /Users/veera/Documents/kavia-backend/graphnode-backend-api/data/rdk7542/223427/b1520et/flask-223427/tests/test_config.py
2025-11-21 17:30:12,003 - Knowledge - INFO - process ingested knowledge for /Users/veera/Documents/kavia-backend/graphnode-backend-api/data/rdk7542/223427/b1520et/flask-223427/pyproject.toml
2025-11-21 17:30:12,058 - Knowledge - INFO - process ingested knowledge for /Users/veera/Documents/kavia-backend/graphnode-backend-api/data/rdk7542/223427/b1520et/flask-223427/tests/test_json.py
2025-11-21 17:30:12,157 - Knowledge - INFO - Processing batch of 10 files
2025-11-21 17:30:12,194 - Knowledge - INFO - Processing batch of 10 files
2025-11-21 17:30:12,202 - Knowledge - INFO - process ingested knowledge for /Users/veera/Documents/kavia-backend/graphnode-backend-api/data/rdk7542/223427/b1520et/flask-223427/tests/test_user_error_handler.py
2025-11-21 17:30:12,211 - Knowledge - INFO - process ingested knowledge for /Users/veera/Documents/kavia-backend/graphnode-backend-api/data/rdk7542/223427/b1520et/flask-223427/tests/test_cli.py
2025-11-21 17:30:12,225 - Knowledge - INFO - process ingested knowledge for /Users/veera/Documents/kavia-backend/graphnode-backend-api/data/rdk7542/223427/b1520et/flask-223427/examples/tutorial/LICENSE.txt
2025-11-21 17:30:12,234 - Knowledge - INFO - process ingested knowledge for /Users/veera/Documents/kavia-backend/graphnode-backend-api/data/rdk7542/223427/b1520et/flask-223427/examples/javascript/js_example/templates/base.html
2025-11-21 17:30:12,234 - Knowledge - INFO - process ingested knowledge for /Users/veera/Documents/kavia-backend/graphnode-backend-api/data/rdk7542/223427/b1520et/flask-223427/tests/test_basic.py
2025-11-21 17:30:12,254 - Knowledge - INFO - process ingested knowledge for /Users/veera/Documents/kavia-backend/graphnode-backend-api/data/rdk7542/223427/b1520et/flask-223427/tests/templates/simple_template.html
2025-11-21 17:30:12,266 - Knowledge - INFO - Processing batch of 15 files
2025-11-21 17:30:12,276 - Knowledge - INFO - process ingested knowledge for /Users/veera/Documents/kavia-backend/graphnode-backend-api/data/rdk7542/223427/b1520et/flask-223427/tests/test_templating.py
2025-11-21 17:30:12,298 - Knowledge - INFO - process ingested knowledge for /Users/veera/Documents/kavia-backend/graphnode-backend-api/data/rdk7542/223427/b1520et/flask-223427/examples/celery/requirements.txt
2025-11-21 17:30:12,301 - Knowledge - INFO - process ingested knowledge for /Users/veera/Documents/kavia-backend/graphnode-backend-api/data/rdk7542/223427/b1520et/flask-223427/tests/test_apps/blueprintapp/apps/admin/static/test.txt
2025-11-21 17:30:12,303 - Knowledge - INFO - process ingested knowledge for /Users/veera/Documents/kavia-backend/graphnode-backend-api/data/rdk7542/223427/b1520et/flask-223427/tests/conftest.py
2025-11-21 17:30:12,490 - Knowledge - INFO - process ingested knowledge for /Users/veera/Documents/kavia-backend/graphnode-backend-api/data/rdk7542/223427/b1520et/flask-223427/tests/test_apps/blueprintapp/apps/admin/templates/admin/index.html
2025-11-21 17:30:12,491 - Knowledge - INFO - process ingested knowledge for /Users/veera/Documents/kavia-backend/graphnode-backend-api/data/rdk7542/223427/b1520et/flask-223427/examples/celery/pyproject.toml
2025-11-21 17:30:12,571 - Knowledge - INFO - process ingested knowledge for /Users/veera/Documents/kavia-backend/graphnode-backend-api/data/rdk7542/223427/b1520et/flask-223427/examples/javascript/js_example/templates/jquery.html
2025-11-21 17:30:12,608 - Knowledge - INFO - process ingested knowledge for /Users/veera/Documents/kavia-backend/graphnode-backend-api/data/rdk7542/223427/b1520et/flask-223427/tests/test_converters.py
2025-11-21 17:30:12,611 - Knowledge - INFO - process ingested knowledge for /Users/veera/Documents/kavia-backend/graphnode-backend-api/data/rdk7542/223427/b1520et/flask-223427/examples/javascript/js_example/templates/fetch.html
2025-11-21 17:30:12,624 - Knowledge - INFO - process ingested knowledge for /Users/veera/Documents/kavia-backend/graphnode-backend-api/data/rdk7542/223427/b1520et/flask-223427/tests/test_logging.py
2025-11-21 17:30:12,653 - Knowledge - INFO - process ingested knowledge for /Users/veera/Documents/kavia-backend/graphnode-backend-api/data/rdk7542/223427/b1520et/flask-223427/examples/javascript/js_example/templates/xhr.html
2025-11-21 17:30:12,921 - Knowledge - INFO - process ingested knowledge for /Users/veera/Documents/kavia-backend/graphnode-backend-api/data/rdk7542/223427/b1520et/flask-223427/examples/javascript/js_example/views.py
2025-11-21 17:30:12,961 - Knowledge - INFO - process ingested knowledge for /Users/veera/Documents/kavia-backend/graphnode-backend-api/data/rdk7542/223427/b1520et/flask-223427/examples/celery/README.md
2025-11-21 17:30:12,962 - Knowledge - INFO - process ingested knowledge for /Users/veera/Documents/kavia-backend/graphnode-backend-api/data/rdk7542/223427/b1520et/flask-223427/tests/test_apps/helloworld/hello.py
2025-11-21 17:30:12,965 - Knowledge - INFO - process ingested knowledge for /Users/veera/Documents/kavia-backend/graphnode-backend-api/data/rdk7542/223427/b1520et/flask-223427/tests/test_signals.py
2025-11-21 17:30:13,029 - Knowledge - INFO - process ingested knowledge for /Users/veera/Documents/kavia-backend/graphnode-backend-api/data/rdk7542/223427/b1520et/flask-223427/examples/celery/make_celery.py
2025-11-21 17:30:13,030 - Knowledge - INFO - process ingested knowledge for /Users/veera/Documents/kavia-backend/graphnode-backend-api/data/rdk7542/223427/b1520et/flask-223427/tests/test_apps/helloworld/wsgi.py
2025-11-21 17:30:13,076 - Knowledge - INFO - process ingested knowledge for /Users/veera/Documents/kavia-backend/graphnode-backend-api/data/rdk7542/223427/b1520et/flask-223427/tests/test_apps/subdomaintestmodule/__init__.py
2025-11-21 17:30:13,077 - Knowledge - INFO - process ingested knowledge for /Users/veera/Documents/kavia-backend/graphnode-backend-api/data/rdk7542/223427/b1520et/flask-223427/examples/celery/src/task_app/tasks.py
2025-11-21 17:30:13,084 - Knowledge - INFO - process ingested knowledge for /Users/veera/Documents/kavia-backend/graphnode-backend-api/data/rdk7542/223427/b1520et/flask-223427/examples/javascript/pyproject.toml
2025-11-21 17:30:13,086 - Knowledge - INFO - process ingested knowledge for /Users/veera/Documents/kavia-backend/graphnode-backend-api/data/rdk7542/223427/b1520et/flask-223427/tests/test_request.py
2025-11-21 17:30:13,158 - Knowledge - INFO - process ingested knowledge for /Users/veera/Documents/kavia-backend/graphnode-backend-api/data/rdk7542/223427/b1520et/flask-223427/examples/celery/src/task_app/__init__.py
2025-11-21 17:30:13,160 - Knowledge - INFO - process ingested knowledge for /Users/veera/Documents/kavia-backend/graphnode-backend-api/data/rdk7542/223427/b1520et/flask-223427/examples/javascript/tests/test_js_example.py
2025-11-21 17:30:13,191 - Knowledge - INFO - process ingested knowledge for /Users/veera/Documents/kavia-backend/graphnode-backend-api/data/rdk7542/223427/b1520et/flask-223427/examples/javascript/tests/conftest.py
2025-11-21 17:30:13,200 - Knowledge - INFO - process ingested knowledge for /Users/veera/Documents/kavia-backend/graphnode-backend-api/data/rdk7542/223427/b1520et/flask-223427/tests/test_async.py
2025-11-21 17:30:13,202 - Knowledge - INFO - process ingested knowledge for /Users/veera/Documents/kavia-backend/graphnode-backend-api/data/rdk7542/223427/b1520et/flask-223427/examples/celery/src/task_app/templates/index.html
2025-11-21 17:30:13,384 - Knowledge - INFO - process ingested knowledge for /Users/veera/Documents/kavia-backend/graphnode-backend-api/data/rdk7542/223427/b1520et/flask-223427/examples/javascript/README.rst
2025-11-21 17:30:13,386 - Knowledge - INFO - process ingested knowledge for /Users/veera/Documents/kavia-backend/graphnode-backend-api/data/rdk7542/223427/b1520et/flask-223427/tests/test_apps/subdomaintestmodule/static/hello.txt
2025-11-21 17:30:13,395 - Knowledge - INFO - process ingested knowledge for /Users/veera/Documents/kavia-backend/graphnode-backend-api/data/rdk7542/223427/b1520et/flask-223427/examples/javascript/LICENSE.txt
2025-11-21 17:30:13,401 - Knowledge - INFO - process ingested knowledge for /Users/veera/Documents/kavia-backend/graphnode-backend-api/data/rdk7542/223427/b1520et/flask-223427/tests/test_apps/cliapp/inner1/__init__.py
2025-11-21 17:30:13,403 - Knowledge - INFO - process ingested knowledge for /Users/veera/Documents/kavia-backend/graphnode-backend-api/data/rdk7542/223427/b1520et/flask-223427/examples/celery/src/task_app/views.py
2025-11-21 17:30:13,679 - Knowledge - INFO - process ingested knowledge for /Users/veera/Documents/kavia-backend/graphnode-backend-api/data/rdk7542/223427/b1520et/flask-223427/tests/test_session_interface.py
2025-11-21 17:30:13,759 - Knowledge - INFO - process ingested knowledge for /Users/veera/Documents/kavia-backend/graphnode-backend-api/data/rdk7542/223427/b1520et/flask-223427/tests/test_apps/cliapp/inner1/inner2/flask.py
2025-11-21 17:30:13,759 - Knowledge - INFO - process ingested knowledge for /Users/veera/Documents/kavia-backend/graphnode-backend-api/data/rdk7542/223427/b1520et/flask-223427/examples/javascript/js_example/__init__.py
2025-11-21 17:30:13,961 - Knowledge - INFO - process ingested knowledge for /Users/veera/Documents/kavia-backend/graphnode-backend-api/data/rdk7542/223427/b1520et/flask-223427/tests/test_instance_config.py
2025-11-21 17:30:14,018 - Knowledge - INFO - process ingested knowledge for /Users/veera/Documents/kavia-backend/graphnode-backend-api/data/rdk7542/223427/b1520et/flask-223427/tests/test_apps/cliapp/importerrorapp.py
2025-11-21 17:30:14,261 - Knowledge - INFO - process ingested knowledge for /Users/veera/Documents/kavia-backend/graphnode-backend-api/data/rdk7542/223427/b1520et/flask-223427/tests/test_apps/blueprintapp/__init__.py
2025-11-21 17:30:14,387 - Knowledge - INFO - process ingested knowledge for /Users/veera/Documents/kavia-backend/graphnode-backend-api/data/rdk7542/223427/b1520et/flask-223427/tests/test_apps/cliapp/factory.py
2025-11-21 17:30:14,390 - Knowledge - INFO - process ingested knowledge for /Users/veera/Documents/kavia-backend/graphnode-backend-api/data/rdk7542/223427/b1520et/flask-223427/tests/test_apps/blueprintapp/apps/frontend/__init__.py
2025-11-21 17:30:14,390 - Knowledge - INFO - process ingested knowledge for /Users/veera/Documents/kavia-backend/graphnode-backend-api/data/rdk7542/223427/b1520et/flask-223427/tests/test_apps/cliapp/message.txt
2025-11-21 17:30:14,390 - Knowledge - INFO - process ingested knowledge for /Users/veera/Documents/kavia-backend/graphnode-backend-api/data/rdk7542/223427/b1520et/flask-223427/tests/test_apps/cliapp/multiapp.py
2025-11-21 17:30:14,390 - Knowledge - INFO - process ingested knowledge for /Users/veera/Documents/kavia-backend/graphnode-backend-api/data/rdk7542/223427/b1520et/flask-223427/tests/test_apps/cliapp/app.py
2025-11-21 17:30:14,390 - Knowledge - INFO - process ingested knowledge for /Users/veera/Documents/kavia-backend/graphnode-backend-api/data/rdk7542/223427/b1520et/flask-223427/tests/test_views.py
2025-11-21 17:30:14,390 - Knowledge - INFO - process ingested knowledge for /Users/veera/Documents/kavia-backend/graphnode-backend-api/data/rdk7542/223427/b1520et/flask-223427/tests/test_json_tag.py
2025-11-21 17:30:14,457 - Knowledge - INFO - process ingested knowledge for /Users/veera/Documents/kavia-backend/graphnode-backend-api/data/rdk7542/223427/b1520et/flask-223427/tests/test_apps/blueprintapp/apps/frontend/templates/frontend/index.html
2025-11-21 17:30:14,735 - Knowledge - INFO - process ingested knowledge for /Users/veera/Documents/kavia-backend/graphnode-backend-api/data/rdk7542/223427/b1520et/flask-223427/tests/test_apps/blueprintapp/apps/admin/__init__.py
2025-11-21 17:30:15,026 - Knowledge - INFO - process ingested knowledge for /Users/veera/Documents/kavia-backend/graphnode-backend-api/data/rdk7542/223427/b1520et/flask-223427/tests/test_apps/blueprintapp/apps/admin/static/css/test.css
2025-11-21 17:30:15,787 - Knowledge - INFO - [LLM_CALL] Completed: index.rst:chunk1, Duration: 5722ms, PromptTokens: 2230, CompletionTokens: 59, Cost: $0.00025
2025-11-21 17:30:15,790 - Knowledge - INFO - done ingest for /Users/veera/Documents/kavia-backend/graphnode-backend-api/data/rdk7542/223427/b1520et/flask-223427/docs/deploying/index.rst
2025-11-21 17:30:15,828 - Knowledge - INFO - [LLM_CALL] Completed: server.rst:chunk1, Duration: 7022ms, PromptTokens: 2586, CompletionTokens: 59, Cost: $0.00028
2025-11-21 17:30:15,829 - Knowledge - INFO - done ingest for /Users/veera/Documents/kavia-backend/graphnode-backend-api/data/rdk7542/223427/b1520et/flask-223427/docs/server.rst
2025-11-21 17:30:15,930 - Knowledge - INFO - [LLM_CALL] Completed: errorhandling.rst:chunk1, Duration: 6153ms, PromptTokens: 8916, CompletionTokens: 59, Cost: $0.00092
2025-11-21 17:30:15,937 - Knowledge - INFO - done ingest for /Users/veera/Documents/kavia-backend/graphnode-backend-api/data/rdk7542/223427/b1520et/flask-223427/docs/errorhandling.rst
2025-11-21 17:30:15,968 - Knowledge - INFO - [LLM_CALL] Completed: extensiondev.rst:chunk1, Duration: 4593ms, PromptTokens: 6492, CompletionTokens: 59, Cost: $0.00067
2025-11-21 17:30:15,968 - Knowledge - INFO - done ingest for /Users/veera/Documents/kavia-backend/graphnode-backend-api/data/rdk7542/223427/b1520et/flask-223427/docs/extensiondev.rst
2025-11-21 17:30:16,444 - Knowledge - INFO - [LLM_CALL] Completed: appcontext.rst:chunk1, Duration: 5360ms, PromptTokens: 4174, CompletionTokens: 59, Cost: $0.00044
2025-11-21 17:30:16,445 - Knowledge - INFO - done ingest for /Users/veera/Documents/kavia-backend/graphnode-backend-api/data/rdk7542/223427/b1520et/flask-223427/docs/appcontext.rst
2025-11-21 17:30:16,445 - Knowledge - INFO - [WEBSOCKET] Sent: Type=progress_update, Size: 271, Duration: 0ms
2025-11-21 17:30:16,447 - Knowledge - INFO - [WEBSOCKET] Sent: Type=unknown, Size: ?, Duration: 2ms
2025-11-21 17:30:16,460 - Knowledge - INFO - Progress: 36.8% | Files: 74/201 | Rate: 8.83 files/sec | Queue: 0
2025-11-21 17:30:16,509 - Knowledge - INFO - [LLM_CALL] Completed: gunicorn.rst:chunk1, Duration: 6603ms, PromptTokens: 2944, CompletionTokens: 59, Cost: $0.00032
2025-11-21 17:30:16,509 - Knowledge - INFO - done ingest for /Users/veera/Documents/kavia-backend/graphnode-backend-api/data/rdk7542/223427/b1520et/flask-223427/docs/deploying/gunicorn.rst
2025-11-21 17:30:16,510 - Knowledge - INFO - [LLM_CALL] Completed: blog.rst:chunk1, Duration: 7205ms, PromptTokens: 6294, CompletionTokens: 59, Cost: $0.00065
2025-11-21 17:30:16,510 - Knowledge - INFO - done ingest for /Users/veera/Documents/kavia-backend/graphnode-backend-api/data/rdk7542/223427/b1520et/flask-223427/docs/tutorial/blog.rst
2025-11-21 17:30:16,742 - Knowledge - INFO - [LLM_CALL] Completed: database.rst:chunk1, Duration: 7579ms, PromptTokens: 3934, CompletionTokens: 59, Cost: $0.00042
2025-11-21 17:30:16,745 - Knowledge - INFO - done ingest for /Users/veera/Documents/kavia-backend/graphnode-backend-api/data/rdk7542/223427/b1520et/flask-223427/docs/tutorial/database.rst
2025-11-21 17:30:16,806 - Knowledge - INFO - [LLM_CALL] Completed: appfactories.rst:chunk1, Duration: 5460ms, PromptTokens: 2542, CompletionTokens: 59, Cost: $0.00028
2025-11-21 17:30:16,824 - Knowledge - INFO - done ingest for /Users/veera/Documents/kavia-backend/graphnode-backend-api/data/rdk7542/223427/b1520et/flask-223427/docs/patterns/appfactories.rst
2025-11-21 17:30:16,832 - Knowledge - INFO - [LLM_CALL] Completed: design.rst:chunk1, Duration: 6765ms, PromptTokens: 5500, CompletionTokens: 59, Cost: $0.00057
2025-11-21 17:30:16,934 - Knowledge - INFO - done ingest for /Users/veera/Documents/kavia-backend/graphnode-backend-api/data/rdk7542/223427/b1520et/flask-223427/docs/design.rst
2025-11-21 17:30:16,937 - Knowledge - INFO - [LLM_CALL] Completed: wtforms.rst:chunk1, Duration: 7295ms, PromptTokens: 3008, CompletionTokens: 59, Cost: $0.00032
2025-11-21 17:30:16,942 - Knowledge - INFO - done ingest for /Users/veera/Documents/kavia-backend/graphnode-backend-api/data/rdk7542/223427/b1520et/flask-223427/docs/patterns/wtforms.rst
2025-11-21 17:30:16,964 - Knowledge - INFO - [LLM_CALL] Completed: packages.rst:chunk1, Duration: 7070ms, PromptTokens: 2652, CompletionTokens: 59, Cost: $0.00029
2025-11-21 17:30:16,964 - Knowledge - INFO - done ingest for /Users/veera/Documents/kavia-backend/graphnode-backend-api/data/rdk7542/223427/b1520et/flask-223427/docs/patterns/packages.rst
2025-11-21 17:30:16,975 - Knowledge - INFO - [LLM_CALL] Completed: javascript.rst:chunk1, Duration: 7179ms, PromptTokens: 4994, CompletionTokens: 59, Cost: $0.00052
2025-11-21 17:30:16,975 - Knowledge - INFO - done ingest for /Users/veera/Documents/kavia-backend/graphnode-backend-api/data/rdk7542/223427/b1520et/flask-223427/docs/patterns/javascript.rst
2025-11-21 17:30:16,997 - Knowledge - INFO - [LLM_CALL] Completed: lazyloading.rst:chunk1, Duration: 6672ms, PromptTokens: 2512, CompletionTokens: 59, Cost: $0.00027
2025-11-21 17:30:16,997 - Knowledge - INFO - done ingest for /Users/veera/Documents/kavia-backend/graphnode-backend-api/data/rdk7542/223427/b1520et/flask-223427/docs/patterns/lazyloading.rst
2025-11-21 17:30:17,043 - Knowledge - INFO - [LLM_CALL] Completed: fileuploads.rst:chunk1, Duration: 7711ms, PromptTokens: 4008, CompletionTokens: 59, Cost: $0.00042
2025-11-21 17:30:17,043 - Knowledge - INFO - done ingest for /Users/veera/Documents/kavia-backend/graphnode-backend-api/data/rdk7542/223427/b1520et/flask-223427/docs/patterns/fileuploads.rst
2025-11-21 17:30:17,171 - Knowledge - INFO - [LLM_CALL] Completed: web-security.rst:chunk1, Duration: 7350ms, PromptTokens: 6756, CompletionTokens: 59, Cost: $0.00070
2025-11-21 17:30:17,172 - Knowledge - INFO - done ingest for /Users/veera/Documents/kavia-backend/graphnode-backend-api/data/rdk7542/223427/b1520et/flask-223427/docs/web-security.rst
2025-11-21 17:30:17,243 - Knowledge - INFO - [LLM_CALL] Completed: uwsgi.rst:chunk1, Duration: 6040ms, PromptTokens: 3488, CompletionTokens: 59, Cost: $0.00037
2025-11-21 17:30:17,245 - Knowledge - INFO - done ingest for /Users/veera/Documents/kavia-backend/graphnode-backend-api/data/rdk7542/223427/b1520et/flask-223427/docs/deploying/uwsgi.rst
2025-11-21 17:30:17,412 - Knowledge - INFO - [LLM_CALL] Completed: templates.rst:chunk1, Duration: 7739ms, PromptTokens: 4106, CompletionTokens: 118, Cost: $0.00046
2025-11-21 17:30:17,418 - Knowledge - INFO - done ingest for /Users/veera/Documents/kavia-backend/graphnode-backend-api/data/rdk7542/223427/b1520et/flask-223427/docs/tutorial/templates.rst
2025-11-21 17:30:17,441 - Knowledge - INFO - [LLM_CALL] Completed: blueprints.rst:chunk1, Duration: 8235ms, PromptTokens: 6168, CompletionTokens: 59, Cost: $0.00064
2025-11-21 17:30:17,441 - Knowledge - INFO - done ingest for /Users/veera/Documents/kavia-backend/graphnode-backend-api/data/rdk7542/223427/b1520et/flask-223427/docs/blueprints.rst
2025-11-21 17:30:17,518 - Knowledge - INFO - [LLM_CALL] Completed: logging.rst:chunk1, Duration: 7926ms, PromptTokens: 3376, CompletionTokens: 59, Cost: $0.00036
2025-11-21 17:30:17,518 - Knowledge - INFO - done ingest for /Users/veera/Documents/kavia-backend/graphnode-backend-api/data/rdk7542/223427/b1520et/flask-223427/docs/logging.rst
2025-11-21 17:30:17,600 - Knowledge - INFO - [LLM_CALL] Completed: signals.rst:chunk1, Duration: 5869ms, PromptTokens: 3444, CompletionTokens: 114, Cost: $0.00039
2025-11-21 17:30:17,600 - Knowledge - INFO - done ingest for /Users/veera/Documents/kavia-backend/graphnode-backend-api/data/rdk7542/223427/b1520et/flask-223427/docs/signals.rst
2025-11-21 17:30:17,605 - Knowledge - INFO - [LLM_CALL] Completed: viewdecorators.rst:chunk1, Duration: 6971ms, PromptTokens: 3538, CompletionTokens: 59, Cost: $0.00038
2025-11-21 17:30:17,605 - Knowledge - INFO - done ingest for /Users/veera/Documents/kavia-backend/graphnode-backend-api/data/rdk7542/223427/b1520et/flask-223427/docs/patterns/viewdecorators.rst
2025-11-21 17:30:17,609 - Knowledge - INFO - [LLM_CALL] Completed: appdispatch.rst:chunk1, Duration: 6629ms, PromptTokens: 3448, CompletionTokens: 59, Cost: $0.00037
2025-11-21 17:30:17,609 - Knowledge - INFO - done ingest for /Users/veera/Documents/kavia-backend/graphnode-backend-api/data/rdk7542/223427/b1520et/flask-223427/docs/patterns/appdispatch.rst
2025-11-21 17:30:17,657 - Knowledge - INFO - [LLM_CALL] Completed: CHANGES.rst:chunk1, Duration: 6577ms, PromptTokens: 18164, CompletionTokens: 59, Cost: $0.00184
2025-11-21 17:30:17,680 - Knowledge - INFO - [LLM_CALL] Completed: lifecycle.rst:chunk1, Duration: 5346ms, PromptTokens: 4918, CompletionTokens: 59, Cost: $0.00052
2025-11-21 17:30:17,681 - Knowledge - INFO - done ingest for /Users/veera/Documents/kavia-backend/graphnode-backend-api/data/rdk7542/223427/b1520et/flask-223427/docs/lifecycle.rst
2025-11-21 17:30:17,718 - Knowledge - INFO - [LLM_CALL] Completed: debugging.rst:chunk1, Duration: 6976ms, PromptTokens: 2300, CompletionTokens: 59, Cost: $0.00025
2025-11-21 17:30:17,718 - Knowledge - INFO - done ingest for /Users/veera/Documents/kavia-backend/graphnode-backend-api/data/rdk7542/223427/b1520et/flask-223427/docs/debugging.rst
2025-11-21 17:30:17,791 - Knowledge - INFO - [LLM_CALL] Completed: installation.rst:chunk1, Duration: 5273ms, PromptTokens: 2538, CompletionTokens: 59, Cost: $0.00028
2025-11-21 17:30:17,791 - Knowledge - INFO - done ingest for /Users/veera/Documents/kavia-backend/graphnode-backend-api/data/rdk7542/223427/b1520et/flask-223427/docs/installation.rst
2025-11-21 17:30:18,044 - Knowledge - INFO - [LLM_CALL] Completed: config.rst:chunk1, Duration: 7682ms, PromptTokens: 14318, CompletionTokens: 59, Cost: $0.00146
2025-11-21 17:30:18,057 - Knowledge - INFO - done ingest for /Users/veera/Documents/kavia-backend/graphnode-backend-api/data/rdk7542/223427/b1520et/flask-223427/docs/config.rst
2025-11-21 17:30:18,717 - Knowledge - INFO - [LLM_CALL] Completed: api.rst:chunk1, Duration: 6919ms, PromptTokens: 10048, CompletionTokens: 59, Cost: $0.00103
2025-11-21 17:30:18,718 - Knowledge - INFO - done ingest for /Users/veera/Documents/kavia-backend/graphnode-backend-api/data/rdk7542/223427/b1520et/flask-223427/docs/api.rst
2025-11-21 17:30:18,919 - Knowledge - INFO - [LLM_CALL] Completed: static.rst:chunk1, Duration: 8609ms, PromptTokens: 2666, CompletionTokens: 59, Cost: $0.00029
2025-11-21 17:30:18,919 - Knowledge - INFO - done ingest for /Users/veera/Documents/kavia-backend/graphnode-backend-api/data/rdk7542/223427/b1520et/flask-223427/docs/tutorial/static.rst
2025-11-21 17:30:19,014 - Knowledge - INFO - [LLM_CALL] Completed: factory.rst:chunk1, Duration: 8909ms, PromptTokens: 3522, CompletionTokens: 59, Cost: $0.00038
2025-11-21 17:30:19,018 - Knowledge - INFO - done ingest for /Users/veera/Documents/kavia-backend/graphnode-backend-api/data/rdk7542/223427/b1520et/flask-223427/docs/tutorial/factory.rst
2025-11-21 17:30:19,066 - Knowledge - INFO - [LLM_CALL] Completed: auth.py:chunk1, Duration: 7877ms, PromptTokens: 2174, CompletionTokens: 471, Cost: $0.00041
2025-11-21 17:30:19,067 - Knowledge - INFO - done ingest for /Users/veera/Documents/kavia-backend/graphnode-backend-api/data/rdk7542/223427/b1520et/flask-223427/examples/tutorial/flaskr/auth.py
2025-11-21 17:30:19,078 - Knowledge - INFO - [LLM_CALL] Completed: tests.rst:chunk1, Duration: 8553ms, PromptTokens: 9324, CompletionTokens: 59, Cost: $0.00096
2025-11-21 17:30:19,078 - Knowledge - INFO - done ingest for /Users/veera/Documents/kavia-backend/graphnode-backend-api/data/rdk7542/223427/b1520et/flask-223427/docs/tutorial/tests.rst
2025-11-21 17:30:19,953 - Knowledge - INFO - [LLM_CALL] Completed: urlprocessors.rst:chunk1, Duration: 7992ms, PromptTokens: 2760, CompletionTokens: 117, Cost: $0.00032
2025-11-21 17:30:19,955 - Knowledge - INFO - done ingest for /Users/veera/Documents/kavia-backend/graphnode-backend-api/data/rdk7542/223427/b1520et/flask-223427/docs/patterns/urlprocessors.rst
2025-11-21 17:30:19,971 - Knowledge - INFO - [LLM_CALL] Completed: celery.rst:chunk1, Duration: 9478ms, PromptTokens: 4662, CompletionTokens: 112, Cost: $0.00051
2025-11-21 17:30:19,971 - Knowledge - INFO - done ingest for /Users/veera/Documents/kavia-backend/graphnode-backend-api/data/rdk7542/223427/b1520et/flask-223427/docs/patterns/celery.rst
2025-11-21 17:30:20,059 - Knowledge - INFO - [LLM_CALL] Completed: flashing.rst:chunk1, Duration: 8763ms, PromptTokens: 2960, CompletionTokens: 59, Cost: $0.00032
2025-11-21 17:30:20,061 - Knowledge - INFO - done ingest for /Users/veera/Documents/kavia-backend/graphnode-backend-api/data/rdk7542/223427/b1520et/flask-223427/docs/patterns/flashing.rst
2025-11-21 17:30:20,241 - Knowledge - INFO - [LLM_CALL] Completed: async-await.rst:chunk1, Duration: 8758ms, PromptTokens: 2936, CompletionTokens: 197, Cost: $0.00037
2025-11-21 17:30:20,243 - Knowledge - INFO - done ingest for /Users/veera/Documents/kavia-backend/graphnode-backend-api/data/rdk7542/223427/b1520et/flask-223427/docs/async-await.rst
2025-11-21 17:30:20,369 - Knowledge - INFO - [WEBSOCKET] Sent: Type=progress_update, Size: 271, Duration: 0ms
2025-11-21 17:30:20,374 - Knowledge - INFO - [WEBSOCKET] Sent: Type=unknown, Size: ?, Duration: 6ms
2025-11-21 17:30:20,382 - Knowledge - INFO - Progress: 39.8% | Files: 80/201 | Rate: 6.27 files/sec | Queue: 0
2025-11-21 17:30:20,404 - Knowledge - INFO - [LLM_CALL] Completed: typing.py:chunk1, Duration: 10081ms, PromptTokens: 2376, CompletionTokens: 336, Cost: $0.00037
2025-11-21 17:30:20,406 - Knowledge - INFO - done ingest for /Users/veera/Documents/kavia-backend/graphnode-backend-api/data/rdk7542/223427/b1520et/flask-223427/src/flask/typing.py
2025-11-21 17:30:20,507 - Knowledge - INFO - [LLM_CALL] Completed: views.py:chunk1, Duration: 9111ms, PromptTokens: 3986, CompletionTokens: 388, Cost: $0.00055
2025-11-21 17:30:20,520 - Knowledge - INFO - done ingest for /Users/veera/Documents/kavia-backend/graphnode-backend-api/data/rdk7542/223427/b1520et/flask-223427/src/flask/views.py
2025-11-21 17:30:21,069 - Knowledge - INFO - [LLM_CALL] Completed: cli.rst:chunk1, Duration: 10982ms, PromptTokens: 8794, CompletionTokens: 135, Cost: $0.00093
2025-11-21 17:30:21,076 - Knowledge - INFO - done ingest for /Users/veera/Documents/kavia-backend/graphnode-backend-api/data/rdk7542/223427/b1520et/flask-223427/docs/cli.rst
2025-11-21 17:30:21,242 - Knowledge - INFO - [LLM_CALL] Completed: blog.py:chunk1, Duration: 9552ms, PromptTokens: 2356, CompletionTokens: 358, Cost: $0.00038
2025-11-21 17:30:21,269 - Knowledge - INFO - done ingest for /Users/veera/Documents/kavia-backend/graphnode-backend-api/data/rdk7542/223427/b1520et/flask-223427/examples/tutorial/flaskr/blog.py
2025-11-21 17:30:21,811 - Knowledge - INFO - [LLM_CALL] Completed: conf.py:chunk1, Duration: 11543ms, PromptTokens: 2522, CompletionTokens: 303, Cost: $0.00037
2025-11-21 17:30:21,985 - Knowledge - INFO - done ingest for /Users/veera/Documents/kavia-backend/graphnode-backend-api/data/rdk7542/223427/b1520et/flask-223427/docs/conf.py
2025-11-21 17:30:22,050 - Knowledge - INFO - [LLM_CALL] Completed: views.rst:chunk1, Duration: 11526ms, PromptTokens: 5406, CompletionTokens: 116, Cost: $0.00059
2025-11-21 17:30:22,058 - Knowledge - INFO - done ingest for /Users/veera/Documents/kavia-backend/graphnode-backend-api/data/rdk7542/223427/b1520et/flask-223427/docs/views.rst
2025-11-21 17:30:22,068 - Knowledge - INFO - [LLM_CALL] Completed: debughelpers.py:chunk1, Duration: 11981ms, PromptTokens: 3576, CompletionTokens: 505, Cost: $0.00056
2025-11-21 17:30:22,088 - Knowledge - INFO - done ingest for /Users/veera/Documents/kavia-backend/graphnode-backend-api/data/rdk7542/223427/b1520et/flask-223427/src/flask/debughelpers.py
2025-11-21 17:30:22,263 - Knowledge - INFO - [LLM_CALL] Completed: testing.rst:chunk1, Duration: 12805ms, PromptTokens: 5428, CompletionTokens: 115, Cost: $0.00059
2025-11-21 17:30:22,270 - Knowledge - INFO - done ingest for /Users/veera/Documents/kavia-backend/graphnode-backend-api/data/rdk7542/223427/b1520et/flask-223427/docs/testing.rst
2025-11-21 17:30:22,700 - Knowledge - INFO - [LLM_CALL] Completed: sqlalchemy.rst:chunk1, Duration: 11984ms, PromptTokens: 3966, CompletionTokens: 59, Cost: $0.00042
2025-11-21 17:30:22,703 - Knowledge - INFO - done ingest for /Users/veera/Documents/kavia-backend/graphnode-backend-api/data/rdk7542/223427/b1520et/flask-223427/docs/patterns/sqlalchemy.rst
2025-11-21 17:30:22,741 - Knowledge - INFO - [LLM_CALL] Completed: deploy.rst:chunk1, Duration: 13746ms, PromptTokens: 2638, CompletionTokens: 59, Cost: $0.00029
2025-11-21 17:30:22,741 - Knowledge - INFO - done ingest for /Users/veera/Documents/kavia-backend/graphnode-backend-api/data/rdk7542/223427/b1520et/flask-223427/docs/tutorial/deploy.rst
2025-11-21 17:30:22,849 - Knowledge - INFO - [LLM_CALL] Completed: templating.rst:chunk1, Duration: 12993ms, PromptTokens: 4680, CompletionTokens: 118, Cost: $0.00052
2025-11-21 17:30:22,859 - Knowledge - INFO - done ingest for /Users/veera/Documents/kavia-backend/graphnode-backend-api/data/rdk7542/223427/b1520et/flask-223427/docs/templating.rst
2025-11-21 17:30:22,904 - Knowledge - INFO - done ingest for /Users/veera/Documents/kavia-backend/graphnode-backend-api/data/rdk7542/223427/b1520et/flask-223427/docs/tutorial/views.rst
2025-11-21 17:30:23,559 - Knowledge - INFO - [LLM_CALL] Completed: sqlite3.rst:chunk1, Duration: 12854ms, PromptTokens: 3074, CompletionTokens: 367, Cost: $0.00045
2025-11-21 17:30:23,569 - Knowledge - INFO - done ingest for /Users/veera/Documents/kavia-backend/graphnode-backend-api/data/rdk7542/223427/b1520et/flask-223427/docs/patterns/sqlite3.rst
2025-11-21 17:30:23,644 - Knowledge - INFO - Processing batch of 10 files
2025-11-21 17:30:23,660 - Knowledge - INFO - process ingested knowledge for /Users/veera/Documents/kavia-backend/graphnode-backend-api/data/rdk7542/223427/b1520et/flask-223427/docs/license.rst
2025-11-21 17:30:23,752 - Knowledge - INFO - [LLM_CALL] Completed: __init__.py:chunk1, Duration: 11956ms, PromptTokens: 3614, CompletionTokens: 445, Cost: $0.00054
2025-11-21 17:30:23,754 - Knowledge - INFO - done ingest for /Users/veera/Documents/kavia-backend/graphnode-backend-api/data/rdk7542/223427/b1520et/flask-223427/src/flask/json/__init__.py
2025-11-21 17:30:24,017 - Knowledge - INFO - [LLM_CALL] Completed: config.py:chunk1, Duration: 11355ms, PromptTokens: 6490, CompletionTokens: 498, Cost: $0.00085
2025-11-21 17:30:24,019 - Knowledge - INFO - done ingest for /Users/veera/Documents/kavia-backend/graphnode-backend-api/data/rdk7542/223427/b1520et/flask-223427/src/flask/config.py
2025-11-21 17:30:24,255 - Knowledge - INFO - [LLM_CALL] Completed: scaffold.py:chunk1, Duration: 11738ms, PromptTokens: 14010, CompletionTokens: 731, Cost: $0.00169
2025-11-21 17:30:24,257 - Knowledge - INFO - done ingest for /Users/veera/Documents/kavia-backend/graphnode-backend-api/data/rdk7542/223427/b1520et/flask-223427/src/flask/sansio/scaffold.py
2025-11-21 17:30:24,298 - Knowledge - INFO - Processing batch of 12 files
2025-11-21 17:30:24,308 - Knowledge - INFO - process ingested knowledge for /Users/veera/Documents/kavia-backend/graphnode-backend-api/data/rdk7542/223427/b1520et/flask-223427/tests/test_appctx.py
2025-11-21 17:30:24,316 - Knowledge - INFO - [LLM_CALL] Completed: provider.py:chunk1, Duration: 12885ms, PromptTokens: 4460, CompletionTokens: 526, Cost: $0.00066
2025-11-21 17:30:24,316 - Knowledge - INFO - done ingest for /Users/veera/Documents/kavia-backend/graphnode-backend-api/data/rdk7542/223427/b1520et/flask-223427/src/flask/json/provider.py
2025-11-21 17:30:24,323 - Knowledge - INFO - Processing batch of 12 files
2025-11-21 17:30:24,323 - Knowledge - INFO - process ingested knowledge for /Users/veera/Documents/kavia-backend/graphnode-backend-api/data/rdk7542/223427/b1520et/flask-223427/docs/patterns/packages.rst
2025-11-21 17:30:24,364 - Knowledge - INFO - Processing batch of 10 files
2025-11-21 17:30:24,364 - Knowledge - INFO - process ingested knowledge for /Users/veera/Documents/kavia-backend/graphnode-backend-api/data/rdk7542/223427/b1520et/flask-223427/examples/tutorial/pyproject.toml
2025-11-21 17:30:24,401 - Knowledge - INFO - process ingested knowledge for /Users/veera/Documents/kavia-backend/graphnode-backend-api/data/rdk7542/223427/b1520et/flask-223427/tests/test_regression.py
2025-11-21 17:30:24,463 - Knowledge - INFO - [LLM_CALL] Completed: blueprints.py:chunk1, Duration: 12778ms, PromptTokens: 2876, CompletionTokens: 432, Cost: $0.00046
2025-11-21 17:30:24,464 - Knowledge - INFO - done ingest for /Users/veera/Documents/kavia-backend/graphnode-backend-api/data/rdk7542/223427/b1520et/flask-223427/src/flask/blueprints.py
2025-11-21 17:30:24,666 - Knowledge - INFO - process ingested knowledge for /Users/veera/Documents/kavia-backend/graphnode-backend-api/data/rdk7542/223427/b1520et/flask-223427/docs/patterns/favicon.rst
2025-11-21 17:30:24,804 - Knowledge - INFO - process ingested knowledge for /Users/veera/Documents/kavia-backend/graphnode-backend-api/data/rdk7542/223427/b1520et/flask-223427/tests/test_testing.py
2025-11-21 17:30:24,822 - Knowledge - INFO - process ingested knowledge for /Users/veera/Documents/kavia-backend/graphnode-backend-api/data/rdk7542/223427/b1520et/flask-223427/docs/logging.rst
2025-11-21 17:30:25,125 - Knowledge - INFO - process ingested knowledge for /Users/veera/Documents/kavia-backend/graphnode-backend-api/data/rdk7542/223427/b1520et/flask-223427/docs/web-security.rst
2025-11-21 17:30:25,128 - Knowledge - INFO - process ingested knowledge for /Users/veera/Documents/kavia-backend/graphnode-backend-api/data/rdk7542/223427/b1520et/flask-223427/examples/tutorial/tests/conftest.py
2025-11-21 17:30:25,132 - Knowledge - INFO - process ingested knowledge for /Users/veera/Documents/kavia-backend/graphnode-backend-api/data/rdk7542/223427/b1520et/flask-223427/docs/patterns/viewdecorators.rst
2025-11-21 17:30:25,168 - Knowledge - INFO - [WEBSOCKET] Sent: Type=progress_update, Size: 273, Duration: 0ms
2025-11-21 17:30:25,306 - Knowledge - INFO - [WEBSOCKET] Sent: Type=unknown, Size: ?, Duration: 138ms
2025-11-21 17:30:25,319 - Knowledge - INFO - process ingested knowledge for /Users/veera/Documents/kavia-backend/graphnode-backend-api/data/rdk7542/223427/b1520et/flask-223427/docs/server.rst
2025-11-21 17:30:25,319 - Knowledge - INFO - Progress: 61.7% | Files: 125/201 | Rate: 7.22 files/sec | Queue: 0
2025-11-21 17:30:25,327 - Knowledge - INFO - [LLM_CALL] Completed: wrappers.py:chunk1, Duration: 12669ms, PromptTokens: 5076, CompletionTokens: 700, Cost: $0.00079
2025-11-21 17:30:25,328 - Knowledge - INFO - done ingest for /Users/veera/Documents/kavia-backend/graphnode-backend-api/data/rdk7542/223427/b1520et/flask-223427/src/flask/wrappers.py
2025-11-21 17:30:25,368 - Knowledge - INFO - process ingested knowledge for /Users/veera/Documents/kavia-backend/graphnode-backend-api/data/rdk7542/223427/b1520et/flask-223427/docs/deploying/index.rst
2025-11-21 17:30:25,423 - Knowledge - INFO - process ingested knowledge for /Users/veera/Documents/kavia-backend/graphnode-backend-api/data/rdk7542/223427/b1520et/flask-223427/docs/index.rst
2025-11-21 17:30:25,450 - Knowledge - INFO - process ingested knowledge for /Users/veera/Documents/kavia-backend/graphnode-backend-api/data/rdk7542/223427/b1520et/flask-223427/examples/tutorial/tests/data.sql
2025-11-21 17:30:25,547 - Knowledge - INFO - process ingested knowledge for /Users/veera/Documents/kavia-backend/graphnode-backend-api/data/rdk7542/223427/b1520et/flask-223427/docs/deploying/eventlet.rst
2025-11-21 17:30:25,548 - Knowledge - INFO - process ingested knowledge for /Users/veera/Documents/kavia-backend/graphnode-backend-api/data/rdk7542/223427/b1520et/flask-223427/docs/blueprints.rst
2025-11-21 17:30:25,548 - Knowledge - INFO - process ingested knowledge for /Users/veera/Documents/kavia-backend/graphnode-backend-api/data/rdk7542/223427/b1520et/flask-223427/examples/tutorial/tests/test_auth.py
2025-11-21 17:30:25,554 - Knowledge - INFO - process ingested knowledge for /Users/veera/Documents/kavia-backend/graphnode-backend-api/data/rdk7542/223427/b1520et/flask-223427/docs/deploying/proxy_fix.rst
2025-11-21 17:30:25,554 - Knowledge - INFO - process ingested knowledge for /Users/veera/Documents/kavia-backend/graphnode-backend-api/data/rdk7542/223427/b1520et/flask-223427/docs/patterns/appdispatch.rst
2025-11-21 17:30:25,606 - Knowledge - INFO - [LLM_CALL] Completed: quickstart.rst:chunk1, Duration: 13837ms, PromptTokens: 14970, CompletionTokens: 433, Cost: $0.00167
2025-11-21 17:30:25,606 - Knowledge - INFO - done ingest for /Users/veera/Documents/kavia-backend/graphnode-backend-api/data/rdk7542/223427/b1520et/flask-223427/docs/quickstart.rst
2025-11-21 17:30:25,610 - Knowledge - INFO - process ingested knowledge for /Users/veera/Documents/kavia-backend/graphnode-backend-api/data/rdk7542/223427/b1520et/flask-223427/docs/deploying/apache-httpd.rst
2025-11-21 17:30:25,610 - Knowledge - INFO - process ingested knowledge for /Users/veera/Documents/kavia-backend/graphnode-backend-api/data/rdk7542/223427/b1520et/flask-223427/examples/tutorial/tests/test_db.py
2025-11-21 17:30:25,610 - Knowledge - INFO - process ingested knowledge for /Users/veera/Documents/kavia-backend/graphnode-backend-api/data/rdk7542/223427/b1520et/flask-223427/docs/deploying/asgi.rst
2025-11-21 17:30:25,610 - Knowledge - INFO - process ingested knowledge for /Users/veera/Documents/kavia-backend/graphnode-backend-api/data/rdk7542/223427/b1520et/flask-223427/docs/tutorial/install.rst
2025-11-21 17:30:25,611 - Knowledge - INFO - process ingested knowledge for /Users/veera/Documents/kavia-backend/graphnode-backend-api/data/rdk7542/223427/b1520et/flask-223427/docs/deploying/mod_wsgi.rst
2025-11-21 17:30:25,611 - Knowledge - INFO - process ingested knowledge for /Users/veera/Documents/kavia-backend/graphnode-backend-api/data/rdk7542/223427/b1520et/flask-223427/examples/tutorial/tests/test_factory.py
2025-11-21 17:30:25,611 - Knowledge - INFO - process ingested knowledge for /Users/veera/Documents/kavia-backend/graphnode-backend-api/data/rdk7542/223427/b1520et/flask-223427/docs/patterns/deferredcallbacks.rst
2025-11-21 17:30:25,612 - Knowledge - INFO - process ingested knowledge for /Users/veera/Documents/kavia-backend/graphnode-backend-api/data/rdk7542/223427/b1520et/flask-223427/docs/tutorial/templates.rst
2025-11-21 17:30:25,612 - Knowledge - INFO - process ingested knowledge for /Users/veera/Documents/kavia-backend/graphnode-backend-api/data/rdk7542/223427/b1520et/flask-223427/docs/deploying/uwsgi.rst
2025-11-21 17:30:25,612 - Knowledge - INFO - process ingested knowledge for /Users/veera/Documents/kavia-backend/graphnode-backend-api/data/rdk7542/223427/b1520et/flask-223427/examples/tutorial/tests/test_blog.py
2025-11-21 17:30:25,612 - Knowledge - INFO - process ingested knowledge for /Users/veera/Documents/kavia-backend/graphnode-backend-api/data/rdk7542/223427/b1520et/flask-223427/docs/patterns/requestchecksum.rst
2025-11-21 17:30:25,613 - Knowledge - INFO - process ingested knowledge for /Users/veera/Documents/kavia-backend/graphnode-backend-api/data/rdk7542/223427/b1520et/flask-223427/examples/tutorial/flaskr/auth.py
2025-11-21 17:30:25,618 - Knowledge - INFO - process ingested knowledge for /Users/veera/Documents/kavia-backend/graphnode-backend-api/data/rdk7542/223427/b1520et/flask-223427/docs/tutorial/index.rst
2025-11-21 17:30:25,619 - Knowledge - INFO - process ingested knowledge for /Users/veera/Documents/kavia-backend/graphnode-backend-api/data/rdk7542/223427/b1520et/flask-223427/docs/tutorial/factory.rst
2025-11-21 17:30:25,619 - Knowledge - INFO - process ingested knowledge for /Users/veera/Documents/kavia-backend/graphnode-backend-api/data/rdk7542/223427/b1520et/flask-223427/docs/patterns/subclassing.rst
2025-11-21 17:30:25,620 - Knowledge - INFO - process ingested knowledge for /Users/veera/Documents/kavia-backend/graphnode-backend-api/data/rdk7542/223427/b1520et/flask-223427/docs/patterns/caching.rst
2025-11-21 17:30:25,620 - Knowledge - INFO - process ingested knowledge for /Users/veera/Documents/kavia-backend/graphnode-backend-api/data/rdk7542/223427/b1520et/flask-223427/examples/tutorial/flaskr/db.py
2025-11-21 17:30:25,620 - Knowledge - INFO - Processing batch of 10 files
2025-11-21 17:30:25,620 - Knowledge - INFO - process ingested knowledge for /Users/veera/Documents/kavia-backend/graphnode-backend-api/data/rdk7542/223427/b1520et/flask-223427/docs/deploying/gunicorn.rst
2025-11-21 17:30:25,620 - Knowledge - INFO - process ingested knowledge for /Users/veera/Documents/kavia-backend/graphnode-backend-api/data/rdk7542/223427/b1520et/flask-223427/docs/tutorial/static.rst
2025-11-21 17:30:25,620 - Knowledge - INFO - process ingested knowledge for /Users/veera/Documents/kavia-backend/graphnode-backend-api/data/rdk7542/223427/b1520et/flask-223427/examples/tutorial/flaskr/schema.sql
2025-11-21 17:30:25,621 - Knowledge - INFO - process ingested knowledge for /Users/veera/Documents/kavia-backend/graphnode-backend-api/data/rdk7542/223427/b1520et/flask-223427/docs/deploying/waitress.rst
2025-11-21 17:30:25,622 - Knowledge - INFO - process ingested knowledge for /Users/veera/Documents/kavia-backend/graphnode-backend-api/data/rdk7542/223427/b1520et/flask-223427/docs/deploying/nginx.rst
2025-11-21 17:30:25,623 - Knowledge - INFO - process ingested knowledge for /Users/veera/Documents/kavia-backend/graphnode-backend-api/data/rdk7542/223427/b1520et/flask-223427/docs/patterns/appfactories.rst
2025-11-21 17:30:25,623 - Knowledge - INFO - process ingested knowledge for /Users/veera/Documents/kavia-backend/graphnode-backend-api/data/rdk7542/223427/b1520et/flask-223427/docs/patterns/templateinheritance.rst
2025-11-21 17:30:25,683 - Knowledge - INFO - process ingested knowledge for /Users/veera/Documents/kavia-backend/graphnode-backend-api/data/rdk7542/223427/b1520et/flask-223427/docs/deploying/gevent.rst
2025-11-21 17:30:25,695 - Knowledge - INFO - process ingested knowledge for /Users/veera/Documents/kavia-backend/graphnode-backend-api/data/rdk7542/223427/b1520et/flask-223427/docs/signals.rst
2025-11-21 17:30:25,698 - Knowledge - INFO - process ingested knowledge for /Users/veera/Documents/kavia-backend/graphnode-backend-api/data/rdk7542/223427/b1520et/flask-223427/docs/extensions.rst
2025-11-21 17:30:25,744 - Knowledge - INFO - process ingested knowledge for /Users/veera/Documents/kavia-backend/graphnode-backend-api/data/rdk7542/223427/b1520et/flask-223427/docs/contributing.rst
2025-11-21 17:30:25,752 - Knowledge - INFO - process ingested knowledge for /Users/veera/Documents/kavia-backend/graphnode-backend-api/data/rdk7542/223427/b1520et/flask-223427/docs/tutorial/tests.rst
2025-11-21 17:30:26,057 - Knowledge - INFO - Processing batch of 10 files
2025-11-21 17:30:26,064 - Knowledge - INFO - process ingested knowledge for /Users/veera/Documents/kavia-backend/graphnode-backend-api/data/rdk7542/223427/b1520et/flask-223427/examples/tutorial/flaskr/__init__.py
2025-11-21 17:30:26,065 - Knowledge - INFO - process ingested knowledge for /Users/veera/Documents/kavia-backend/graphnode-backend-api/data/rdk7542/223427/b1520et/flask-223427/docs/appcontext.rst
2025-11-21 17:30:26,263 - Knowledge - INFO - done ingest for /Users/veera/Documents/kavia-backend/graphnode-backend-api/data/rdk7542/223427/b1520et/flask-223427/src/flask/sansio/blueprints.py
2025-11-21 17:30:26,511 - Knowledge - INFO - [LLM_CALL] Completed: ctx.py:chunk1, Duration: 16263ms, PromptTokens: 8604, CompletionTokens: 618, Cost: $0.00111
2025-11-21 17:30:26,585 - Knowledge - INFO - done ingest for /Users/veera/Documents/kavia-backend/graphnode-backend-api/data/rdk7542/223427/b1520et/flask-223427/src/flask/ctx.py
2025-11-21 17:30:26,828 - Knowledge - INFO - [LLM_CALL] Completed: tag.py:chunk1, Duration: 14471ms, PromptTokens: 5272, CompletionTokens: 794, Cost: $0.00084
2025-11-21 17:30:26,828 - Knowledge - INFO - done ingest for /Users/veera/Documents/kavia-backend/graphnode-backend-api/data/rdk7542/223427/b1520et/flask-223427/src/flask/json/tag.py
2025-11-21 17:30:27,060 - Knowledge - INFO - [LLM_CALL] Completed: helpers.py:chunk1, Duration: 16336ms, PromptTokens: 11510, CompletionTokens: 844, Cost: $0.00149
2025-11-21 17:30:27,106 - Knowledge - INFO - done ingest for /Users/veera/Documents/kavia-backend/graphnode-backend-api/data/rdk7542/223427/b1520et/flask-223427/src/flask/helpers.py
2025-11-21 17:30:27,360 - Knowledge - INFO - [LLM_CALL] Completed: testing.py:chunk1, Duration: 16728ms, PromptTokens: 5362, CompletionTokens: 740, Cost: $0.00083
2025-11-21 17:30:27,383 - Knowledge - INFO - done ingest for /Users/veera/Documents/kavia-backend/graphnode-backend-api/data/rdk7542/223427/b1520et/flask-223427/src/flask/testing.py
2025-11-21 17:30:27,457 - Knowledge - INFO - [LLM_CALL] Completed: app.py:chunk1, Duration: 14729ms, PromptTokens: 28036, CompletionTokens: 1229, Cost: $0.00330
2025-11-21 17:30:27,466 - Knowledge - INFO - done ingest for /Users/veera/Documents/kavia-backend/graphnode-backend-api/data/rdk7542/223427/b1520et/flask-223427/src/flask/app.py
2025-11-21 17:30:27,652 - Knowledge - INFO - process ingested knowledge for /Users/veera/Documents/kavia-backend/graphnode-backend-api/data/rdk7542/223427/b1520et/flask-223427/docs/changes.rst
2025-11-21 17:30:27,894 - Knowledge - INFO - done ingest for /Users/veera/Documents/kavia-backend/graphnode-backend-api/data/rdk7542/223427/b1520et/flask-223427/src/flask/sansio/app.py
2025-11-21 17:30:28,595 - Knowledge - INFO - [LLM_CALL] Completed: cli.py:chunk1, Duration: 16072ms, PromptTokens: 17752, CompletionTokens: 1213, Cost: $0.00226
2025-11-21 17:30:28,596 - Knowledge - INFO - done ingest for /Users/veera/Documents/kavia-backend/graphnode-backend-api/data/rdk7542/223427/b1520et/flask-223427/src/flask/cli.py
2025-11-21 17:30:28,605 - Knowledge - INFO - [LLM_CALL] Completed: sessions.py:chunk1, Duration: 15986ms, PromptTokens: 7694, CompletionTokens: 966, Cost: $0.00116
2025-11-21 17:30:28,606 - Knowledge - INFO - done ingest for /Users/veera/Documents/kavia-backend/graphnode-backend-api/data/rdk7542/223427/b1520et/flask-223427/src/flask/sessions.py
2025-11-21 17:30:28,693 - Knowledge - INFO - [LLM_CALL] Completed: CHANGES.rst:chunk2, Duration: 11025ms, PromptTokens: 16808, CompletionTokens: 159, Cost: $0.00174
2025-11-21 17:30:28,844 - Knowledge - INFO - process ingested knowledge for /Users/veera/Documents/kavia-backend/graphnode-backend-api/data/rdk7542/223427/b1520et/flask-223427/examples/tutorial/flaskr/static/style.css
2025-11-21 17:30:28,917 - Knowledge - INFO - [LLM_CALL] Completed: templating.py:chunk1, Duration: 18638ms, PromptTokens: 4050, CompletionTokens: 851, Cost: $0.00075
2025-11-21 17:30:28,918 - Knowledge - INFO - done ingest for /Users/veera/Documents/kavia-backend/graphnode-backend-api/data/rdk7542/223427/b1520et/flask-223427/src/flask/templating.py
2025-11-21 17:30:29,190 - Knowledge - INFO - process ingested knowledge for /Users/veera/Documents/kavia-backend/graphnode-backend-api/data/rdk7542/223427/b1520et/flask-223427/examples/tutorial/flaskr/templates/base.html
2025-11-21 17:30:29,355 - Knowledge - INFO - process ingested knowledge for /Users/veera/Documents/kavia-backend/graphnode-backend-api/data/rdk7542/223427/b1520et/flask-223427/examples/tutorial/flaskr/templates/auth/register.html
2025-11-21 17:30:29,434 - Knowledge - INFO - process ingested knowledge for /Users/veera/Documents/kavia-backend/graphnode-backend-api/data/rdk7542/223427/b1520et/flask-223427/docs/async-await.rst
2025-11-21 17:30:29,440 - Knowledge - INFO - Processing batch of 12 files
2025-11-21 17:30:29,440 - Knowledge - INFO - process ingested knowledge for /Users/veera/Documents/kavia-backend/graphnode-backend-api/data/rdk7542/223427/b1520et/flask-223427/docs/testing.rst
2025-11-21 17:30:29,535 - Knowledge - INFO - process ingested knowledge for /Users/veera/Documents/kavia-backend/graphnode-backend-api/data/rdk7542/223427/b1520et/flask-223427/docs/errorhandling.rst
2025-11-21 17:30:29,541 - Knowledge - INFO - [WEBSOCKET] Sent: Type=progress_update, Size: 274, Duration: 0ms
2025-11-21 17:30:29,542 - Knowledge - INFO - [WEBSOCKET] Sent: Type=unknown, Size: ?, Duration: 1ms
2025-11-21 17:30:29,542 - Knowledge - INFO - process ingested knowledge for /Users/veera/Documents/kavia-backend/graphnode-backend-api/data/rdk7542/223427/b1520et/flask-223427/docs/api.rst
2025-11-21 17:30:29,546 - Knowledge - INFO - Progress: 87.1% | Files: 175/201 | Rate: 7.97 files/sec | Queue: 0
2025-11-21 17:30:29,617 - Knowledge - INFO - process ingested knowledge for /Users/veera/Documents/kavia-backend/graphnode-backend-api/data/rdk7542/223427/b1520et/flask-223427/examples/tutorial/flaskr/templates/auth/login.html
2025-11-21 17:30:29,657 - Knowledge - INFO - process ingested knowledge for /Users/veera/Documents/kavia-backend/graphnode-backend-api/data/rdk7542/223427/b1520et/flask-223427/docs/cli.rst
2025-11-21 17:30:29,684 - Knowledge - INFO - Processing batch of 7 files
2025-11-21 17:30:29,685 - Knowledge - INFO - process ingested knowledge for /Users/veera/Documents/kavia-backend/graphnode-backend-api/data/rdk7542/223427/b1520et/flask-223427/src/flask/debughelpers.py
2025-11-21 17:30:29,711 - Knowledge - INFO - process ingested knowledge for /Users/veera/Documents/kavia-backend/graphnode-backend-api/data/rdk7542/223427/b1520et/flask-223427/docs/conf.py
2025-11-21 17:30:29,748 - Knowledge - INFO - process ingested knowledge for /Users/veera/Documents/kavia-backend/graphnode-backend-api/data/rdk7542/223427/b1520et/flask-223427/src/flask/ctx.py
2025-11-21 17:30:29,750 - Knowledge - INFO - process ingested knowledge for /Users/veera/Documents/kavia-backend/graphnode-backend-api/data/rdk7542/223427/b1520et/flask-223427/examples/tutorial/flaskr/templates/blog/update.html
2025-11-21 17:30:29,751 - Knowledge - INFO - process ingested knowledge for /Users/veera/Documents/kavia-backend/graphnode-backend-api/data/rdk7542/223427/b1520et/flask-223427/docs/config.rst
2025-11-21 17:30:29,754 - Knowledge - INFO - Processing batch of 12 files
2025-11-21 17:30:29,754 - Knowledge - INFO - process ingested knowledge for /Users/veera/Documents/kavia-backend/graphnode-backend-api/data/rdk7542/223427/b1520et/flask-223427/docs/tutorial/views.rst
2025-11-21 17:30:29,763 - Knowledge - INFO - process ingested knowledge for /Users/veera/Documents/kavia-backend/graphnode-backend-api/data/rdk7542/223427/b1520et/flask-223427/README.md
2025-11-21 17:30:29,764 - Knowledge - INFO - process ingested knowledge for /Users/veera/Documents/kavia-backend/graphnode-backend-api/data/rdk7542/223427/b1520et/flask-223427/src/flask/typing.py
2025-11-21 17:30:29,794 - Knowledge - INFO - process ingested knowledge for /Users/veera/Documents/kavia-backend/graphnode-backend-api/data/rdk7542/223427/b1520et/flask-223427/docs/reqcontext.rst
2025-11-21 17:30:29,806 - Knowledge - INFO - process ingested knowledge for /Users/veera/Documents/kavia-backend/graphnode-backend-api/data/rdk7542/223427/b1520et/flask-223427/src/flask/testing.py
2025-11-21 17:30:29,806 - Knowledge - INFO - Processing batch of 12 files
2025-11-21 17:30:29,807 - Knowledge - INFO - process ingested knowledge for /Users/veera/Documents/kavia-backend/graphnode-backend-api/data/rdk7542/223427/b1520et/flask-223427/docs/patterns/fileuploads.rst
2025-11-21 17:30:29,807 - Knowledge - INFO - process ingested knowledge for /Users/veera/Documents/kavia-backend/graphnode-backend-api/data/rdk7542/223427/b1520et/flask-223427/docs/tutorial/deploy.rst
2025-11-21 17:30:29,807 - Knowledge - INFO - process ingested knowledge for /Users/veera/Documents/kavia-backend/graphnode-backend-api/data/rdk7542/223427/b1520et/flask-223427/examples/tutorial/flaskr/templates/blog/index.html
2025-11-21 17:30:29,807 - Knowledge - INFO - process ingested knowledge for /Users/veera/Documents/kavia-backend/graphnode-backend-api/data/rdk7542/223427/b1520et/flask-223427/src/flask/helpers.py
2025-11-21 17:30:29,807 - Knowledge - INFO - process ingested knowledge for /Users/veera/Documents/kavia-backend/graphnode-backend-api/data/rdk7542/223427/b1520et/flask-223427/docs/views.rst
2025-11-21 17:30:29,807 - Knowledge - INFO - process ingested knowledge for /Users/veera/Documents/kavia-backend/graphnode-backend-api/data/rdk7542/223427/b1520et/flask-223427/docs/patterns/wtforms.rst
2025-11-21 17:30:29,932 - Knowledge - INFO - process ingested knowledge for /Users/veera/Documents/kavia-backend/graphnode-backend-api/data/rdk7542/223427/b1520et/flask-223427/src/flask/__main__.py
2025-11-21 17:30:29,992 - Knowledge - INFO - process ingested knowledge for /Users/veera/Documents/kavia-backend/graphnode-backend-api/data/rdk7542/223427/b1520et/flask-223427/docs/debugging.rst
2025-11-21 17:30:29,992 - Knowledge - INFO - process ingested knowledge for /Users/veera/Documents/kavia-backend/graphnode-backend-api/data/rdk7542/223427/b1520et/flask-223427/docs/patterns/javascript.rst
2025-11-21 17:30:30,089 - Knowledge - INFO - process ingested knowledge for /Users/veera/Documents/kavia-backend/graphnode-backend-api/data/rdk7542/223427/b1520et/flask-223427/docs/extensiondev.rst
2025-11-21 17:30:30,163 - Knowledge - INFO - process ingested knowledge for /Users/veera/Documents/kavia-backend/graphnode-backend-api/data/rdk7542/223427/b1520et/flask-223427/docs/tutorial/database.rst
2025-11-21 17:30:30,221 - Knowledge - INFO - process ingested knowledge for /Users/veera/Documents/kavia-backend/graphnode-backend-api/data/rdk7542/223427/b1520et/flask-223427/docs/patterns/streaming.rst
2025-11-21 17:30:30,233 - Knowledge - INFO - process ingested knowledge for /Users/veera/Documents/kavia-backend/graphnode-backend-api/data/rdk7542/223427/b1520et/flask-223427/docs/quickstart.rst
2025-11-21 17:30:30,294 - Knowledge - INFO - process ingested knowledge for /Users/veera/Documents/kavia-backend/graphnode-backend-api/data/rdk7542/223427/b1520et/flask-223427/docs/patterns/lazyloading.rst
2025-11-21 17:30:30,294 - Knowledge - INFO - process ingested knowledge for /Users/veera/Documents/kavia-backend/graphnode-backend-api/data/rdk7542/223427/b1520et/flask-223427/src/flask/views.py
2025-11-21 17:30:30,304 - Knowledge - INFO - process ingested knowledge for /Users/veera/Documents/kavia-backend/graphnode-backend-api/data/rdk7542/223427/b1520et/flask-223427/docs/patterns/jquery.rst
2025-11-21 17:30:30,398 - Knowledge - INFO - process ingested knowledge for /Users/veera/Documents/kavia-backend/graphnode-backend-api/data/rdk7542/223427/b1520et/flask-223427/docs/patterns/celery.rst
2025-11-21 17:30:30,408 - Knowledge - INFO - process ingested knowledge for /Users/veera/Documents/kavia-backend/graphnode-backend-api/data/rdk7542/223427/b1520et/flask-223427/docs/tutorial/blog.rst
2025-11-21 17:30:30,409 - Knowledge - INFO - process ingested knowledge for /Users/veera/Documents/kavia-backend/graphnode-backend-api/data/rdk7542/223427/b1520et/flask-223427/docs/patterns/sqlite3.rst
2025-11-21 17:30:30,411 - Knowledge - INFO - process ingested knowledge for /Users/veera/Documents/kavia-backend/graphnode-backend-api/data/rdk7542/223427/b1520et/flask-223427/examples/tutorial/flaskr/templates/blog/create.html
2025-11-21 17:30:30,417 - Knowledge - INFO - process ingested knowledge for /Users/veera/Documents/kavia-backend/graphnode-backend-api/data/rdk7542/223427/b1520et/flask-223427/docs/lifecycle.rst
2025-11-21 17:30:30,427 - Knowledge - INFO - Processing batch of 10 files
2025-11-21 17:30:30,428 - Knowledge - INFO - process ingested knowledge for /Users/veera/Documents/kavia-backend/graphnode-backend-api/data/rdk7542/223427/b1520et/flask-223427/src/flask/templating.py
2025-11-21 17:30:30,613 - Knowledge - INFO - process ingested knowledge for /Users/veera/Documents/kavia-backend/graphnode-backend-api/data/rdk7542/223427/b1520et/flask-223427/examples/tutorial/flaskr/blog.py
2025-11-21 17:30:30,614 - Knowledge - INFO - process ingested knowledge for /Users/veera/Documents/kavia-backend/graphnode-backend-api/data/rdk7542/223427/b1520et/flask-223427/docs/tutorial/layout.rst
2025-11-21 17:30:30,621 - Knowledge - INFO - process ingested knowledge for /Users/veera/Documents/kavia-backend/graphnode-backend-api/data/rdk7542/223427/b1520et/flask-223427/docs/tutorial/next.rst
2025-11-21 17:30:30,623 - Knowledge - INFO - process ingested knowledge for /Users/veera/Documents/kavia-backend/graphnode-backend-api/data/rdk7542/223427/b1520et/flask-223427/docs/patterns/methodoverrides.rst
2025-11-21 17:30:30,685 - Knowledge - INFO - process ingested knowledge for /Users/veera/Documents/kavia-backend/graphnode-backend-api/data/rdk7542/223427/b1520et/flask-223427/docs/shell.rst
2025-11-21 17:30:30,717 - Knowledge - INFO - process ingested knowledge for /Users/veera/Documents/kavia-backend/graphnode-backend-api/data/rdk7542/223427/b1520et/flask-223427/docs/patterns/flashing.rst
2025-11-21 17:30:30,727 - Knowledge - INFO - process ingested knowledge for /Users/veera/Documents/kavia-backend/graphnode-backend-api/data/rdk7542/223427/b1520et/flask-223427/docs/installation.rst
2025-11-21 17:30:30,835 - Knowledge - INFO - process ingested knowledge for /Users/veera/Documents/kavia-backend/graphnode-backend-api/data/rdk7542/223427/b1520et/flask-223427/examples/tutorial/README.rst
2025-11-21 17:30:30,981 - Knowledge - INFO - process ingested knowledge for /Users/veera/Documents/kavia-backend/graphnode-backend-api/data/rdk7542/223427/b1520et/flask-223427/docs/patterns/singlepageapplications.rst
2025-11-21 17:30:30,995 - Knowledge - INFO - process ingested knowledge for /Users/veera/Documents/kavia-backend/graphnode-backend-api/data/rdk7542/223427/b1520et/flask-223427/docs/templating.rst
2025-11-21 17:30:31,057 - Knowledge - INFO - process ingested knowledge for /Users/veera/Documents/kavia-backend/graphnode-backend-api/data/rdk7542/223427/b1520et/flask-223427/src/flask/globals.py
2025-11-21 17:30:31,183 - Knowledge - INFO - process ingested knowledge for /Users/veera/Documents/kavia-backend/graphnode-backend-api/data/rdk7542/223427/b1520et/flask-223427/docs/patterns/urlprocessors.rst
2025-11-21 17:30:31,189 - Knowledge - INFO - process ingested knowledge for /Users/veera/Documents/kavia-backend/graphnode-backend-api/data/rdk7542/223427/b1520et/flask-223427/src/flask/__init__.py
2025-11-21 17:30:31,189 - Knowledge - INFO - process ingested knowledge for /Users/veera/Documents/kavia-backend/graphnode-backend-api/data/rdk7542/223427/b1520et/flask-223427/docs/design.rst
2025-11-21 17:30:31,235 - Knowledge - INFO - [LLM_CALL] Completed: CHANGES.rst:chunk3, Duration: 2540ms, PromptTokens: 4836, CompletionTokens: 159, Cost: $0.00055
2025-11-21 17:30:31,235 - Knowledge - INFO - done ingest for /Users/veera/Documents/kavia-backend/graphnode-backend-api/data/rdk7542/223427/b1520et/flask-223427/CHANGES.rst
2025-11-21 17:30:31,331 - Knowledge - INFO - process ingested knowledge for /Users/veera/Documents/kavia-backend/graphnode-backend-api/data/rdk7542/223427/b1520et/flask-223427/docs/patterns/index.rst
2025-11-21 17:30:31,469 - Knowledge - INFO - process ingested knowledge for /Users/veera/Documents/kavia-backend/graphnode-backend-api/data/rdk7542/223427/b1520et/flask-223427/src/flask/blueprints.py
2025-11-21 17:30:31,875 - Knowledge - INFO - process ingested knowledge for /Users/veera/Documents/kavia-backend/graphnode-backend-api/data/rdk7542/223427/b1520et/flask-223427/src/flask/json/provider.py
2025-11-21 17:30:31,884 - Knowledge - INFO - process ingested knowledge for /Users/veera/Documents/kavia-backend/graphnode-backend-api/data/rdk7542/223427/b1520et/flask-223427/src/flask/json/__init__.py
2025-11-21 17:30:31,928 - Knowledge - INFO - process ingested knowledge for /Users/veera/Documents/kavia-backend/graphnode-backend-api/data/rdk7542/223427/b1520et/flask-223427/docs/patterns/mongoengine.rst
2025-11-21 17:30:31,930 - Knowledge - INFO - process ingested knowledge for /Users/veera/Documents/kavia-backend/graphnode-backend-api/data/rdk7542/223427/b1520et/flask-223427/src/flask/json/tag.py
2025-11-21 17:30:32,315 - Knowledge - INFO - process ingested knowledge for /Users/veera/Documents/kavia-backend/graphnode-backend-api/data/rdk7542/223427/b1520et/flask-223427/docs/patterns/sqlalchemy.rst
2025-11-21 17:30:32,386 - Knowledge - INFO - process ingested knowledge for /Users/veera/Documents/kavia-backend/graphnode-backend-api/data/rdk7542/223427/b1520et/flask-223427/src/flask/cli.py
2025-11-21 17:30:32,386 - Knowledge - INFO - process ingested knowledge for /Users/veera/Documents/kavia-backend/graphnode-backend-api/data/rdk7542/223427/b1520et/flask-223427/src/flask/wrappers.py
2025-11-21 17:30:32,779 - Knowledge - INFO - process ingested knowledge for /Users/veera/Documents/kavia-backend/graphnode-backend-api/data/rdk7542/223427/b1520et/flask-223427/src/flask/app.py
2025-11-21 17:30:32,869 - Knowledge - INFO - Processing batch of 10 files
2025-11-21 17:30:32,869 - Knowledge - INFO - process ingested knowledge for /Users/veera/Documents/kavia-backend/graphnode-backend-api/data/rdk7542/223427/b1520et/flask-223427/LICENSE.txt
2025-11-21 17:30:33,074 - Knowledge - INFO - [WEBSOCKET] Sent: Type=progress_update, Size: 272, Duration: 0ms
2025-11-21 17:30:33,081 - Knowledge - INFO - [WEBSOCKET] Sent: Type=unknown, Size: ?, Duration: 7ms
2025-11-21 17:30:33,081 - Knowledge - INFO - Progress: 100.0% | Files: 201/201 | Rate: 7.86 files/sec | Queue: 0
2025-11-21 17:30:33,951 - Knowledge - INFO - process ingested knowledge for /Users/veera/Documents/kavia-backend/graphnode-backend-api/data/rdk7542/223427/b1520et/flask-223427/CHANGES.rst
2025-11-21 17:30:34,274 - Knowledge - INFO - process ingested knowledge for /Users/veera/Documents/kavia-backend/graphnode-backend-api/data/rdk7542/223427/b1520et/flask-223427/src/flask/logging.py
2025-11-21 17:30:34,399 - Knowledge - INFO - process ingested knowledge for /Users/veera/Documents/kavia-backend/graphnode-backend-api/data/rdk7542/223427/b1520et/flask-223427/src/flask/sansio/blueprints.py
2025-11-21 17:30:34,434 - Knowledge - INFO - process ingested knowledge for /Users/veera/Documents/kavia-backend/graphnode-backend-api/data/rdk7542/223427/b1520et/flask-223427/src/flask/sansio/README.md
2025-11-21 17:30:34,472 - Knowledge - INFO - process ingested knowledge for /Users/veera/Documents/kavia-backend/graphnode-backend-api/data/rdk7542/223427/b1520et/flask-223427/src/flask/sansio/app.py
2025-11-21 17:30:34,474 - Knowledge - INFO - process ingested knowledge for /Users/veera/Documents/kavia-backend/graphnode-backend-api/data/rdk7542/223427/b1520et/flask-223427/src/flask/sansio/scaffold.py
2025-11-21 17:30:34,475 - Knowledge - INFO - process ingested knowledge for /Users/veera/Documents/kavia-backend/graphnode-backend-api/data/rdk7542/223427/b1520et/flask-223427/src/flask/signals.py
2025-11-21 17:30:34,764 - Knowledge - INFO - process ingested knowledge for /Users/veera/Documents/kavia-backend/graphnode-backend-api/data/rdk7542/223427/b1520et/flask-223427/src/flask/sessions.py
2025-11-21 17:30:34,774 - Knowledge - INFO - process ingested knowledge for /Users/veera/Documents/kavia-backend/graphnode-backend-api/data/rdk7542/223427/b1520et/flask-223427/src/flask/config.py
2025-11-21 17:30:35,594 - Knowledge - INFO - Knowledge creation complete
2025-11-21 17:30:35,595 - Knowledge - INFO - ==================================================
2025-11-21 17:30:35,595 - Knowledge - INFO - KNOWLEDGE GRAPH GENERATION PERFORMANCE SUMMARY
2025-11-21 17:30:35,595 - Knowledge - INFO - ==================================================
2025-11-21 17:30:35,595 - Knowledge - INFO - Total processing time: 28.17 seconds (0.47 minutes)
2025-11-21 17:30:35,595 - Knowledge - INFO - Files processed: 0
2025-11-21 17:30:35,595 - Knowledge - INFO - Processing rate: 0.00 files/second
2025-11-21 17:30:35,595 - Knowledge - INFO - 
[TIME_BREAKDOWN]
2025-11-21 17:30:35,595 - Knowledge - INFO - File Reading: 0.00s (0.0%)
2025-11-21 17:30:35,595 - Knowledge - INFO - LLM Processing: 632.03s (2243.5%)
2025-11-21 17:30:35,595 - Knowledge - INFO - MongoDB Operations: 0.00s (0.0%)
2025-11-21 17:30:35,595 - Knowledge - INFO - Redis Operations: 0.00s (0.0%)
2025-11-21 17:30:35,595 - Knowledge - INFO - WebSocket Communication: 0.15s (0.5%)
2025-11-21 17:30:35,595 - Knowledge - INFO - 
[LLM_STATS]
2025-11-21 17:30:35,595 - Knowledge - INFO - Total LLM calls: 66
2025-11-21 17:30:35,595 - Knowledge - INFO - Average LLM response time: 9576ms
2025-11-21 17:30:35,595 - Knowledge - INFO - Average prompt tokens: 5918.5
2025-11-21 17:30:35,596 - Knowledge - INFO - Average completion tokens: 259.9
2025-11-21 17:30:35,596 - Knowledge - INFO - Total prompt tokens: 390622
2025-11-21 17:30:35,596 - Knowledge - INFO - Total completion tokens: 17155
2025-11-21 17:30:35,596 - Knowledge - INFO - Total LLM cost: $0.0459
2025-11-21 17:30:35,596 - Knowledge - INFO - 
[DATABASE_STATS]
2025-11-21 17:30:35,596 - Knowledge - INFO - MongoDB operations: 0
2025-11-21 17:30:35,596 - Knowledge - INFO - Redis operations: 0
2025-11-21 17:30:35,596 - Knowledge - INFO - 
[COMMUNICATION_STATS]
2025-11-21 17:30:35,596 - Knowledge - INFO - WebSocket messages sent: 10
2025-11-21 17:30:35,596 - Knowledge - INFO - Average message size: 136.1 bytes
2025-11-21 17:30:35,596 - Knowledge - INFO - 
[WORKER_STATS]
2025-11-21 17:30:35,596 - Knowledge - INFO - 
[FILE_TYPE_STATS]
2025-11-21 17:30:35,596 - Knowledge - INFO - 
[SLOWEST_FILES]
2025-11-21 17:30:35,596 - Knowledge - INFO - ==================================================
2025-11-21 17:30:35,596 - Knowledge - INFO - ==================================================
2025-11-21 17:30:35,596 - Knowledge - INFO - KNOWLEDGE GRAPH GENERATION PERFORMANCE SUMMARY
2025-11-21 17:30:35,596 - Knowledge - INFO - ==================================================
2025-11-21 17:30:35,596 - Knowledge - INFO - Total processing time: 28.19 seconds (0.47 minutes)
2025-11-21 17:30:35,596 - Knowledge - INFO - Files processed: 201 of 201
2025-11-21 17:30:35,596 - Knowledge - INFO - Processing rate: 7.13 files/second
2025-11-21 17:30:35,596 - Knowledge - INFO - WebSocket messages sent: 5
2025-11-21 17:30:35,596 - Knowledge - INFO - MongoDB operations: 201
2025-11-21 17:30:35,596 - Knowledge - INFO - Average MongoDB ops per file: 1.00
2025-11-21 17:30:35,596 - Knowledge - INFO - LLM costs: $0.0506
2025-11-21 17:30:35,597 - Knowledge - INFO - Prompt tokens: 426942
2025-11-21 17:30:35,597 - Knowledge - INFO - Completion tokens: 19706
2025-11-21 17:30:35,597 - Knowledge - INFO - Updating org costs, total cost: 0.05057659999999999
2025-11-21 17:30:44,344 - Knowledge - INFO - [WEBSOCKET] Sent: Type=progress_update, Size: 269, Duration: 0ms
2025-11-21 17:30:44,344 - Knowledge - INFO - Saving knowledge to Redis...
2025-11-21 17:30:44,364 - Knowledge - INFO - Knowledge saved to Redis successfully
